system:index,precipitation
20030101,0.0
20030102,0.0
20030103,0.0
20030104,0.0
20030105,0.0
20030106,12.642641947068048
20030107,16.67601209511546
20030108,4.529647907230732
20030109,0.0
20030110,0.0
20030111,0.0
20030112,0.013815221642335757
20030113,0.0
20030114,0.0
20030115,0.0
20030116,0.0
20030117,0.0
20030118,0.0
20030119,0.0
20030120,7.973024038898089E-4
20030121,0.0
20030122,26.210994473859188
20030123,14.44791734241196
20030124,0.2785782519474317
20030125,0.0
20030126,0.0
20030127,0.0
20030128,0.0
20030129,0.0
20030130,0.0
20030131,0.0
20030201,0.0
20030202,27.821812365004345
20030203,0.0
20030204,14.370105159223732
20030205,14.070081560758062
20030206,0.0
20030207,26.326870174978875
20030208,0.0
20030209,0.0
20030210,0.32907104031315965
20030211,0.17634644892957876
20030212,0.0
20030213,0.0
20030214,0.0
20030215,0.0
20030216,0.0
20030217,0.0
20030218,0.0
20030219,0.0
20030220,0.0
20030221,0.0
20030222,0.0
20030223,16.817277425388454
20030224,0.3164885759163072
20030225,0.0
20030226,0.0
20030227,0.0
20030228,0.0
20030301,0.0
20030302,0.0
20030303,6.97911564931012
20030304,0.4033898940906855
20030305,17.385550986843786
20030306,14.324801073201165
20030307,8.545456320744734
20030308,0.0
20030309,0.0
20030310,0.0
20030311,0.0
20030312,0.0
20030313,0.0
20030314,0.0
20030315,0.0
20030316,0.0
20030317,0.0
20030318,23.846650551922437
20030319,22.51951957638792
20030320,0.0
20030321,0.0
20030322,0.0
20030323,0.0
20030324,0.0
20030325,0.0
20030326,0.0
20030327,5.678490920582978
20030328,18.232517093074122
20030329,0.0
20030330,0.0
20030331,0.0
20030401,0.0
20030402,0.0
20030403,0.0
20030404,0.0
20030405,0.6586685383590987
20030406,0.0
20030407,0.0
20030408,0.0
20030409,0.0
20030410,0.0
20030411,0.0
20030412,0.0
20030413,0.0
20030414,0.0
20030415,0.0
20030416,0.0
20030417,0.0
20030418,5.57760154929097
20030419,6.511568972630499
20030420,15.164824736911008
20030421,0.4686215120719473
20030422,0.0
20030423,0.0
20030424,18.60987461674754
20030425,0.0
20030426,0.0
20030427,0.0
20030428,0.0
20030429,9.415131338993543
20030430,10.54575080671521
20030501,17.47971751435427
20030502,14.039917974935628
20030503,7.220559678358924
20030504,0.0
20030505,6.151740467064798
20030506,5.977970899036256
20030507,4.88619260264721
20030508,10.46593497830246
20030509,23.035420289873755
20030510,10.201947104155025
20030511,0.9573305438012238
20030512,9.741101315445732
20030513,19.278344400202442
20030514,7.739922136487276
20030515,2.3394315164917128
20030516,12.732831005847547
20030517,25.150954402977025
20030518,24.32210744957686
20030519,7.697515988717006
20030520,18.57052301485244
20030521,10.723575518904289
20030522,14.241666613044549
20030523,12.043932508519932
20030524,0.0
20030525,0.0
20030526,1.6201055098183395
20030527,1.1393739817970698
20030528,8.305456412219119
20030529,8.660892242755926
20030530,0.0
20030531,1.9678615903888985
20030601,1.6858451537691084
20030602,3.8333007645366406
20030603,0.0
20030604,0.0
20030605,0.0
20030606,0.06695100720571522
20030607,5.417839589605492
20030608,4.320547349906899
20030609,11.107920360780325
20030610,18.346456169546823
20030611,15.465080192183466
20030612,14.474473301000973
20030613,27.177201971359178
20030614,28.668606157239214
20030615,11.386982235315164
20030616,7.022468881390146
20030617,26.395334790506187
20030618,31.863392334328523
20030619,10.218045430133866
20030620,2.2103044206640754
20030621,23.428693970898234
20030622,9.33965207264922
20030623,12.89993576180213
20030624,27.106300782965224
20030625,12.749480514354703
20030626,25.662753186793392
20030627,35.661953208689155
20030628,24.689521110477294
20030629,4.94513896998182
20030630,3.9127830683944778
20030701,13.097804271763383
20030702,18.881070400671508
20030703,12.238578220691332
20030704,14.5569017904474
20030705,19.94589979759338
20030706,40.93112358749276
20030707,35.25758215999288
20030708,51.68109457051229
20030709,30.39776035263432
20030710,1.3379590916431061
20030711,7.779711091234712
20030712,14.053042959393906
20030713,1.7872217716269905
20030714,9.997105495149732
20030715,24.670293874361338
20030716,41.8857151026167
20030717,14.523338620998514
20030718,0.240661424077309
20030719,8.901968626715012
20030720,25.993452222257122
20030721,27.182712418978312
20030722,5.271289549486929
20030723,9.705682329121588
20030724,15.68791008152167
20030725,2.396221813911939
20030726,21.336502051672106
20030727,11.521942067673551
20030728,39.7837831888517
20030729,47.95901593184679
20030730,16.05078044000382
20030731,0.0
20030801,18.796621938814017
20030802,14.834680865405662
20030803,17.534634014912506
20030804,2.1386554222417034
20030805,4.60856242047418
20030806,20.529800404934505
20030807,10.124244439779261
20030808,8.89346794285316
20030809,2.309072458435417
20030810,9.453316293315755
20030811,14.515001787756031
20030812,10.071889495080946
20030813,16.149965254620493
20030814,9.121983245424794
20030815,21.10952673808308
20030816,21.034257884066143
20030817,15.965417187702077
20030818,26.230664302550426
20030819,13.06902358512247
20030820,9.559869121354696
20030821,15.865820490546382
20030822,13.33978079483102
20030823,2.494286232523549
20030824,18.102381033328605
20030825,19.602022886405045
20030826,36.14452038353721
20030827,21.710142377530335
20030828,11.374679366227143
20030829,6.886226390412601
20030830,4.557879676317102
20030831,4.066238317295594
20030901,21.368278092578148
20030902,15.183961209147306
20030903,20.745973548822086
20030904,1.1723743511520617
20030905,0.008511876231735294
20030906,9.642890014781859
20030907,9.586175248814744
20030908,0.2140100721242342
20030909,7.807258105226984
20030910,17.37052444425514
20030911,25.751258624433053
20030912,7.314854701626515
20030913,10.18238842848136
20030914,5.029109610828292
20030915,6.994011730166994
20030916,11.906503089466401
20030917,20.321381182876394
20030918,8.593918805440689
20030919,17.371295242972344
20030920,17.36692070072487
20030921,30.1734580874712
20030922,26.244200963971167
20030923,20.714351670536985
20030924,18.932467119018895
20030925,8.889204680284223
20030926,6.0643296876546735
20030927,20.526167565544288
20030928,16.723751692856414
20030929,19.29908896151923
20030930,23.187050944908158
20031001,14.099922727575983
20031002,14.278384028465295
20031003,17.92759050812613
20031004,7.981064201759514
20031005,8.914322303229877
20031006,2.066448147811331
20031007,0.0
20031008,13.801573630875016
20031009,0.8727398603986398
20031010,15.909479840798397
20031011,10.019212043329548
20031012,19.147508972318022
20031013,7.575448702950646
20031014,16.958056049893806
20031015,30.37438924559185
20031016,2.401914086979514
20031017,7.033225783457435
20031018,22.023107447000942
20031019,8.851522630662778
20031020,0.0
20031021,0.05610976009729734
20031022,8.20173394438575
20031023,9.203266856751226
20031024,22.414869763637597
20031025,5.780010887894951
20031026,19.30167507599404
20031027,9.868688614338643
20031028,0.7668950676176063
20031029,6.226024967830848
20031030,20.50812175586801
20031031,26.11492744077634
20031101,4.36928197435277
20031102,7.447940261573859
20031103,2.766002373768948
20031104,2.2495641262833583
20031105,5.798876812248573
20031106,5.583058903022488
20031107,5.626418487013571
20031108,7.644426315077988
20031109,11.790095185544084
20031110,13.500903776843654
20031111,9.12540094237582
20031112,1.9212358109288452
20031113,13.54097277066763
20031114,0.0
20031115,2.416022975518125
20031116,13.417753509291126
20031117,2.3641440888128864
20031118,0.0
20031119,7.723618256066289
20031120,0.0
20031121,0.0
20031122,0.0
20031123,0.0
20031124,0.038499529682168986
20031125,12.453051269050027
20031126,1.7151603870963776
20031127,0.0
20031128,0.0
20031129,0.0
20031130,0.0
20031201,0.0
20031202,10.963646928762541
20031203,5.015372727463599
20031204,0.0
20031205,8.345138446552063
20031206,0.5698213108341391
20031207,0.3170906137983203
20031208,0.0
20031209,9.767820754897635
20031210,0.6511888136356064
20031211,9.814897814611896
20031212,13.760201005823214
20031213,7.886086192242953
20031214,10.601625145944633
20031215,0.052405533589111666
20031216,44.226205536277085
20031217,56.73707822125181
20031218,33.64316078914972
20031219,31.13026920032884
20031220,21.35383310449286
20031221,46.75293011689711
20031222,3.260622780515681
20031223,4.081129297114379
20031224,1.673912484771497
20031225,0.4203865489984822
20031226,0.0
20031227,7.318590175007502
20031228,0.8390230224391694
20031229,18.307150135987673
20031230,0.0
20031231,0.0
20040101,0.003776106366274783
20040102,0.0
20040103,0.0
20040104,6.624541353266029
20040105,0.0
20040106,0.0
20040107,0.0
20040108,0.0
20040109,0.0
20040110,0.0
20040111,0.0
20040112,0.0
20040113,0.0
20040114,0.0
20040115,0.0
20040116,0.012899202756674907
20040117,0.0
20040118,0.0
20040119,0.23773321820364968
20040120,3.4207762665234216
20040121,9.21900686679561
20040122,0.10991581291242881
20040123,0.44934934403815624
20040124,0.0
20040125,2.993272698196119
20040126,9.996372225459763E-4
20040127,1.3882053514052706
20040128,20.39289005356137
20040129,0.0
20040130,0.0
20040131,4.895008263220783
20040201,0.1608540483157417
20040202,0.0
20040203,0.0
20040204,1.1433108302500232
20040205,0.8675143298641242
20040206,14.42256107247645
20040207,0.0
20040208,2.8924885771285678
20040209,11.550034761049238
20040210,0.1781983674802575
20040211,38.511036740370585
20040212,14.984615910335197
20040213,5.7223726394315735
20040214,0.0
20040215,0.0
20040216,0.0
20040217,0.0
20040218,0.0
20040219,5.3811984544560065
20040220,4.519208348321029
20040221,13.651007582536627
20040222,11.094393746491775
20040223,10.427495158355281
20040224,7.609625580679522
20040225,8.214064547848453
20040226,11.607089755032197
20040227,1.4153665026527233
20040228,2.2540482754785036
20040229,10.646162799367918
20040301,0.0
20040302,0.0
20040303,0.46497365337631874
20040304,0.7228292864245248
20040305,20.012294261252936
20040306,16.892472901750576
20040307,0.0
20040308,12.070643171778329
20040309,4.612764156887985
20040310,4.407253556288584
20040311,0.0
20040312,0.0
20040313,10.53677611413891
20040314,0.0
20040315,0.0
20040316,3.3391160847714927
20040317,3.4626531120064334
20040318,4.718477215462384
20040319,0.0878351718458874
20040320,0.1299550275233412
20040321,0.7765792289898437
20040322,6.387331801796143
20040323,4.033627520074615
20040324,13.871840465666
20040325,2.8168104134393217
20040326,4.377550520494577
20040327,0.4501643091093488
20040328,7.643111319922149
20040329,8.96624524067759
20040330,6.1312143211415995
20040331,0.0
20040401,0.0
20040402,0.0
20040403,0.0
20040404,0.0
20040405,0.0
20040406,4.463008906033318
20040407,2.4707488893423744
20040408,0.0
20040409,0.14399072629811946
20040410,2.460777053942682
20040411,0.6424346088203288
20040412,0.0
20040413,0.0
20040414,0.6493474437426588
20040415,6.529153190095444
20040416,1.8156813444593385
20040417,12.841489286705986
20040418,0.5327940075731926
20040419,0.0
20040420,0.0
20040421,0.0
20040422,0.0
20040423,0.0
20040424,4.5040303626565175
20040425,0.0
20040426,12.01450693403822
20040427,0.44238383885442617
20040428,1.1369455921510803
20040429,7.833556986051405
20040430,27.13822085270088
20040501,15.981635579099569
20040502,1.7883233027619883
20040503,11.687848755796287
20040504,12.863919033350372
20040505,11.284017421152226
20040506,12.958366501321555
20040507,16.28911935304493
20040508,9.535973522500964
20040509,7.883909994456177
20040510,23.046201865651728
20040511,19.44192593015673
20040512,0.0
20040513,1.1023673000244778
20040514,0.11213730362739883
20040515,6.849083613970182
20040516,25.913798348951463
20040517,0.40221740307221715
20040518,3.245511458786696
20040519,8.514503724396
20040520,2.7053281591968164
20040521,17.976606008003966
20040522,4.438779314572669
20040523,5.954430904422551
20040524,2.913431583987769
20040525,0.0
20040526,2.942091814572262
20040527,2.8392157914099547
20040528,6.227549262632853
20040529,9.356598458444543
20040530,24.570952476374902
20040531,13.280590992017043
20040601,32.13330101031345
20040602,32.82714749628728
20040603,22.99574251987972
20040604,10.75901154241983
20040605,12.674895501676648
20040606,6.741181822218755
20040607,11.530495021468578
20040608,38.995347477587316
20040609,21.17841367897039
20040610,23.59270793598103
20040611,18.94448659475059
20040612,21.204619358881118
20040613,24.83039024141171
20040614,7.562477660703516
20040615,10.765835298760058
20040616,3.234721672163379
20040617,6.169494238509526
20040618,6.401067939716054
20040619,31.77245677575391
20040620,9.79939229558336
20040621,6.566394213368953
20040622,4.512729808902462
20040623,39.21775544088845
20040624,1.226563061247778
20040625,4.165455362282418
20040626,0.2215426138024783
20040627,6.296861127582479
20040628,9.527045560413208
20040629,0.08582981831445759
20040630,0.0
20040701,0.2034842042392529
20040702,0.9373606543931668
20040703,0.6312588676312818
20040704,2.469539224225886
20040705,5.982954781950855
20040706,0.6404227049962853
20040707,15.014972547634034
20040708,16.953797865611186
20040709,18.48312340752016
20040710,11.111799087762169
20040711,12.316760428175186
20040712,12.620940586646352
20040713,12.528053545729632
20040714,17.398559240956263
20040715,13.96882183201005
20040716,22.957723073336727
20040717,18.50787913965906
20040718,27.73575563025248
20040719,17.10846762026945
20040720,12.276206674672826
20040721,12.810310481268875
20040722,12.99965212973728
20040723,16.526312141257222
20040724,18.28978722164434
20040725,13.987313531945311
20040726,12.03903798627624
20040727,11.238350224896184
20040728,5.697630741844696
20040729,10.21951398021923
20040730,22.852222421312728
20040731,12.140559811237043
20040801,16.68634644836912
20040802,16.78878190136575
20040803,8.85964972246129
20040804,0.08804270199753164
20040805,13.392588429845167
20040806,6.948954652136367
20040807,8.765263046217324
20040808,8.933557088167051
20040809,0.0
20040810,0.0
20040811,0.0
20040812,6.664294283627201
20040813,0.0
20040814,10.861346068311393
20040815,3.677937563634505
20040816,2.1407650523238155
20040817,6.596963932073861
20040818,10.119988247198158
20040819,4.781011288041462
20040820,8.725283260141017
20040821,1.6920283732862915
20040822,4.786783048246794
20040823,7.244097978303242
20040824,9.169839506933299
20040825,4.03697531701498
20040826,16.10382688218998
20040827,23.030945319767465
20040828,2.6547257708501424
20040829,0.5239982477180624
20040830,3.5172939072458167
20040831,3.565168768251655
20040901,3.093250400345132
20040902,13.11549093141185
20040903,11.63011472691904
20040904,10.391440933023022
20040905,11.836336892009285
20040906,13.34006392107508
20040907,12.476344351989338
20040908,8.07488993749428
20040909,1.097349992257002
20040910,13.556448386631567
20040911,11.210319711186735
20040912,5.30355896928336
20040913,0.0
20040914,14.48332355682782
20040915,24.10628013511627
20040916,0.8477811016444535
20040917,11.0185867342697
20040918,13.26548777985319
20040919,9.78011576007314
20040920,13.183431432661498
20040921,16.422672837167763
20040922,19.600421233986722
20040923,2.324698295809951
20040924,10.679288568894501
20040925,15.38420099829422
20040926,11.022478918092276
20040927,10.206855707280022
20040928,23.296571818014037
20040929,19.53188123818687
20040930,11.716956202329825
20041001,22.69011561626871
20041002,19.65165436385273
20041003,12.753313046669401
20041004,13.964509615350925
20041005,6.247004198028942
20041006,0.5719612857214621
20041007,0.5063265109814069
20041008,0.0
20041009,5.767344663697666
20041010,0.0
20041011,8.207570335161375
20041012,17.494997967683165
20041013,4.072816774792915
20041014,0.0
20041015,13.153329990345828
20041016,0.0
20041017,0.8223328927762178
20041018,3.9393228837675043
20041019,0.0
20041020,0.006193910773100331
20041021,0.9908363286139881
20041022,10.697757282835644
20041023,0.20364934622330325
20041024,0.0
20041025,0.0
20041026,8.159400743456356
20041027,26.194683399846358
20041028,10.326908208292965
20041029,18.954902202117086
20041030,3.9343708271333395
20041031,8.336179837989604
20041101,12.01444780011467
20041102,8.121400947988267
20041103,0.05640463987655333
20041104,0.0
20041105,6.618308069749174E-4
20041106,3.881864711041002E-4
20041107,12.698959213859043
20041108,20.683118364921036
20041109,15.467786764952502
20041110,5.413623168062165
20041111,1.8277302119354915
20041112,0.0
20041113,1.4429350888954382
20041114,0.0
20041115,0.9331254522831485
20041116,0.0
20041117,0.0
20041118,3.2352407883924643
20041119,0.4650156312750427
20041120,0.0
20041121,0.0
20041122,1.1317704144003424
20041123,7.349287185443376
20041124,9.625519574711452
20041125,5.209793608267964
20041126,17.411837179814704
20041127,3.1822887832104247
20041128,0.0
20041129,11.465920038840665
20041130,2.3496676564963694
20041201,41.59581452971838
20041202,6.947745131968753
20041203,2.8776278671117934
20041204,0.22533239598599095
20041205,0.805402201309143
20041206,18.966968003424107
20041207,20.033407133108057
20041208,1.2282188178427096
20041209,0.0
20041210,0.0
20041211,0.0
20041212,4.848477052209463
20041213,11.077817119133401
20041214,7.625775362454286
20041215,1.4818782804538657
20041216,0.04311110513630956
20041217,0.0015037280120675201
20041218,0.8928627905446191
20041219,9.263211442381373
20041220,11.171638004183851
20041221,0.0
20041222,4.379319277582966
20041223,3.72091480566007
20041224,0.3930875396522994
20041225,19.090559869631818
20041226,4.6088709342419065
20041227,0.8181605374843661
20041228,1.9814935031069925
20041229,5.99558689084979
20041230,25.224181052705855
20041231,8.99072299269813
20050101,11.416193258689901
20050102,22.927212571451093
20050103,0.25215606977623944
20050104,4.128569671898103
20050105,0.0
20050106,0.0
20050107,0.0
20050108,0.0
20050109,0.0
20050110,0.0
20050111,7.046868581526739
20050112,3.8297479493425706
20050113,0.017020999889659796
20050114,0.0
20050115,0.0
20050116,0.0
20050117,0.0
20050118,0.0
20050119,0.0
20050120,0.0
20050121,0.0
20050122,0.32344478784411723
20050123,0.7283753451879387
20050124,16.04692713548409
20050125,0.44521930648433644
20050126,0.0
20050127,0.0
20050128,0.0
20050129,0.0
20050130,0.0
20050131,0.0
20050201,0.0031036808973285736
20050202,1.4575133090405805
20050203,1.0773704128217827
20050204,0.6330613393189424
20050205,29.95169274923835
20050206,0.0
20050207,0.0
20050208,0.0
20050209,0.0
20050210,0.0
20050211,0.0
20050212,0.0
20050213,0.0
20050214,0.7850972126916407
20050215,0.04988518533966838
20050216,0.0
20050217,0.8912763355968855
20050218,1.4083512945833696
20050219,2.2553823562038375
20050220,0.0
20050221,0.0
20050222,0.0
20050223,0.0
20050224,1.0760319085567434
20050225,0.0
20050226,0.0
20050227,0.0
20050228,0.0
20050301,0.0
20050302,0.0
20050303,0.0
20050304,0.4872914676147197
20050305,0.0
20050306,0.024786877320112394
20050307,20.552378123933646
20050308,0.0
20050309,6.93491622828049
20050310,0.7398468145098324
20050311,0.0
20050312,0.8622502054220513
20050313,0.0
20050314,0.0
20050315,0.0
20050316,0.0
20050317,1.37834600814222
20050318,0.5673061113607681
20050319,0.5364968821988126
20050320,33.73357235434026
20050321,11.501806567979845
20050322,0.5779041947029124
20050323,0.7399556201899539
20050324,12.255641119849223
20050325,0.0
20050326,0.19614667271533331
20050327,20.01182187013998
20050328,0.0
20050329,7.4494717901074194
20050330,4.9048987749504
20050331,12.41679342463096
20050401,2.738692315426007
20050402,0.0
20050403,0.0
20050404,0.13469679032657456
20050405,0.0
20050406,0.0
20050407,0.0
20050408,2.1089453802424343
20050409,4.185040886651236
20050410,0.03135800097889104
20050411,4.754317150068797
20050412,0.0
20050413,0.0
20050414,0.0
20050415,4.619785202639097
20050416,0.0
20050417,0.0
20050418,0.0
20050419,0.0
20050420,0.0
20050421,0.20203509339794348
20050422,0.0
20050423,0.0
20050424,2.4896097063251554
20050425,4.168663740506113
20050426,0.2040481927519655
20050427,1.481642695976013
20050428,0.09497364660468781
20050429,0.0
20050430,0.0
20050501,0.0
20050502,9.088760430747739
20050503,8.17981565608413
20050504,8.598215722661287
20050505,8.903588754784598
20050506,23.203091171839084
20050507,6.948752449822534
20050508,3.491425829648447
20050509,1.8298716694207064
20050510,16.96651108094376
20050511,7.552331937056112
20050512,5.343656308860167
20050513,4.006751950419785
20050514,5.819439142424776
20050515,14.812649951919083
20050516,10.839553301316554
20050517,15.782136853391545
20050518,0.0
20050519,6.661185416809464
20050520,10.928214009319136
20050521,16.291622488149525
20050522,3.8376635620657344
20050523,10.87557234529554
20050524,7.064120940484652
20050525,7.936605634201537
20050526,12.725097204717537
20050527,17.183424387766717
20050528,12.675001200354094
20050529,9.687897447256201
20050530,12.944452683607413
20050531,25.695650093613043
20050601,5.624992811229217
20050602,15.374747989626103
20050603,5.380884216438641
20050604,16.479374753712282
20050605,15.500965073000001
20050606,7.692997580633786
20050607,7.747429721978661
20050608,9.89880178033082
20050609,4.785352335485168
20050610,20.914731016368993
20050611,0.03480249732651379
20050612,0.17906487636748197
20050613,19.13026407408679
20050614,4.376672187352767
20050615,28.83291242752943
20050616,15.702429596123737
20050617,19.619379781942925
20050618,8.335796447069695
20050619,2.964968698009882
20050620,0.4698878962883535
20050621,7.423013782230692
20050622,0.09438791730305114
20050623,23.505877239454023
20050624,9.831031109439943
20050625,13.510918118871535
20050626,16.021749192616042
20050627,14.779209210908334
20050628,3.6141390032228355
20050629,1.6622042813139724
20050630,3.697439877082081
20050701,1.8050512900865638
20050702,5.226342910393773
20050703,24.49983436958874
20050704,18.650341620758443
20050705,18.366699233562887
20050706,1.5926197788426713
20050707,8.765049981457723
20050708,25.86799588499882
20050709,13.579463725671545
20050710,15.394949277703782
20050711,4.6252348475227425
20050712,5.541819898689167
20050713,10.34152299242988
20050714,0.7371890857819068
20050715,8.363104406334415
20050716,13.598173757193756
20050717,8.306605165278793
20050718,3.2950197021698884
20050719,15.16642993365921
20050720,8.948294524777213
20050721,5.886504186809145
20050722,9.906688845974909
20050723,12.775802898473687
20050724,14.670992015629402
20050725,12.111822190715964
20050726,15.809159503909132
20050727,8.00570167054946
20050728,3.8645107343490737
20050729,0.8637517130220183
20050730,33.01913511484237
20050731,18.136857458189034
20050801,3.8023509252427994
20050802,8.3358170048875
20050803,0.0
20050804,0.0
20050805,17.364378307148357
20050806,4.137280817016451
20050807,17.490373759443635
20050808,7.350884598988073
20050809,0.07147080433163909
20050810,16.339355458830607
20050811,16.844395822636958
20050812,0.0
20050813,20.226709157694064
20050814,13.703459860325854
20050815,12.237448989980606
20050816,0.5948679876377142
20050817,3.517652085375624
20050818,14.534429024453285
20050819,1.2114148893378445
20050820,3.535059969012483
20050821,2.5985509560318785
20050822,21.51862348051777
20050823,15.110693653512886
20050824,20.44448672771168
20050825,25.846487059805373
20050826,31.619751656519714
20050827,30.276202265367537
20050828,23.892614961376378
20050829,27.37113911006737
20050830,12.556815662219428
20050831,0.35240180718020253
20050901,22.521223102129973
20050902,33.032411778423736
20050903,21.676850331362
20050904,9.092797100503022
20050905,15.014195358676556
20050906,36.11091737633314
20050907,16.241654524874846
20050908,24.587748526920727
20050909,15.462725427852238
20050910,31.19715685287399
20050911,0.25281745227109886
20050912,27.832139424702763
20050913,21.28995164752232
20050914,17.60099655626097
20050915,1.4282291006293135
20050916,0.4234295803347973
20050917,25.14758523838931
20050918,22.81971300745367
20050919,0.6058874888692538
20050920,0.0
20050921,0.16745093018900747
20050922,0.7692473596957734
20050923,7.694517319687248
20050924,12.991760338161548
20050925,2.1146206653272865
20050926,13.419002679499453
20050927,12.220385299268246
20050928,16.586811413445165
20050929,25.30994894438351
20050930,38.42169586584114
20051001,15.195564806119787
20051002,17.525148643363185
20051003,15.728516374591718
20051004,19.889645006883956
20051005,14.026419508899702
20051006,17.167759960535417
20051007,7.536308659299804
20051008,5.32742628931759
20051009,4.6141177324441545
20051010,0.2872071862732548
20051011,2.1110401187494072
20051012,4.935224094870998
20051013,2.08985123099782
20051014,4.213895943600289
20051015,1.3577290108374076
20051016,1.1439468787390867
20051017,1.426379650102778
20051018,15.51728108869149
20051019,14.663495552875245
20051020,11.231491769860453
20051021,19.77551733868899
20051022,2.4362663843585897
20051023,1.2999697154893062
20051024,5.838098188901534
20051025,23.67204950927495
20051026,15.971161174137446
20051027,4.0920388330401956
20051028,8.735134458678266
20051029,2.5718119765261624
20051030,0.6870505666699226
20051031,14.527013953198583
20051101,12.969505338229068
20051102,1.9259549688245412
20051103,17.459874667894812
20051104,7.556884070821323
20051105,5.9775724828151375
20051106,0.0
20051107,0.0
20051108,0.0016248017422325124
20051109,10.761677514757718
20051110,2.423700056589683
20051111,17.44028647909154
20051112,5.782222636304875
20051113,12.889527759636518
20051114,12.749640985050494
20051115,2.5023763531684895
20051116,16.30607186668239
20051117,6.101001190559911
20051118,0.0
20051119,0.0
20051120,1.1730045150223136
20051121,15.586094323495876
20051122,0.0
20051123,9.207018854830446
20051124,0.0
20051125,18.641049770178967
20051126,11.997632542448095
20051127,19.471024071668495
20051128,0.0
20051129,0.0
20051130,0.0
20051201,11.540372545985955
20051202,8.124761567010463
20051203,0.0
20051204,0.0
20051205,16.79870903124447
20051206,0.04046210717240723
20051207,1.6759682565985712
20051208,34.24205120771726
20051209,10.916194535907655
20051210,7.1980841839406455
20051211,0.1735557439451889
20051212,8.0331723871453
20051213,0.5223276561887105
20051214,0.0
20051215,40.501209855207094
20051216,48.92613930970353
20051217,13.016757167058355
20051218,1.9887163562077772
20051219,0.0
20051220,0.0
20051221,0.0
20051222,18.112860846815412
20051223,54.27974807506104
20051224,44.20947173099766
20051225,46.54506434175115
20051226,0.0
20051227,20.630446109279017
20051228,0.0
20051229,0.0
20051230,0.0
20051231,1.146157470519398
20060101,0.0
20060102,4.494766490182101
20060103,0.46943041015134196
20060104,6.006114346562976
20060105,4.84606687027996
20060106,1.815629810076047
20060107,9.162320214668888
20060108,13.371014120805729
20060109,1.095800502215472
20060110,1.0255148058213854
20060111,0.0
20060112,0.0
20060113,0.0
20060114,0.0
20060115,8.882694781084416
20060116,8.120238409661228
20060117,4.196588307480962
20060118,2.127114189586544E-4
20060119,0.0
20060120,11.380732176425758
20060121,12.346365490012872
20060122,3.333370788910119
20060123,0.0
20060124,0.003066002073514517
20060125,1.338301339821836
20060126,0.0
20060127,0.0
20060128,8.48617113158748
20060129,0.0
20060130,0.0
20060131,0.0
20060201,0.0
20060202,23.40392784708277
20060203,4.292903483481612
20060204,0.0
20060205,0.0
20060206,1.6932540314418345
20060207,8.253557758114894
20060208,0.377080201488445
20060209,8.101625439237568
20060210,0.3704414706256972
20060211,0.24397244328134945
20060212,6.028119920788996
20060213,0.0
20060214,21.433531738741703
20060215,0.0
20060216,3.971238070826252
20060217,1.1275225509741198
20060218,1.2399285596050948
20060219,17.334112696329914
20060220,0.4899065169085148
20060221,0.0
20060222,0.0
20060223,0.0
20060224,0.0
20060225,0.0
20060226,0.0
20060227,0.0
20060228,0.0
20060301,0.0
20060302,2.402615060849619
20060303,0.0
20060304,0.26914358667965427
20060305,0.0
20060306,25.003050235325905
20060307,0.0
20060308,94.81043602714423
20060309,2.0630441492421583
20060310,0.0
20060311,2.304534538237876
20060312,2.571601754620749
20060313,0.0
20060314,0.0
20060315,22.024244390347246
20060316,11.432474546451907
20060317,0.0
20060318,0.0
20060319,0.0
20060320,0.0
20060321,0.0
20060322,0.0
20060323,0.0
20060324,2.2471573576963237
20060325,8.876429179463553
20060326,0.31057376865782693
20060327,5.6567723626703135
20060328,3.106919818556278
20060329,4.188275537549906
20060330,0.4168405600947035
20060331,9.868357493994054
20060401,0.0
20060402,0.0
20060403,0.0
20060404,3.121618895385148
20060405,11.054125634618947
20060406,7.712046535099657
20060407,2.067771258220715
20060408,0.0
20060409,0.0
20060410,0.0
20060411,0.5071045689593001
20060412,0.0
20060413,0.0
20060414,0.0
20060415,34.286842881341016
20060416,5.1371797507609624
20060417,0.0
20060418,0.0
20060419,0.0
20060420,0.0
20060421,0.0
20060422,0.0
20060423,0.0
20060424,0.49544121005650743
20060425,0.0
20060426,24.533974522609583
20060427,2.184714325597497
20060428,3.6671024076219134
20060429,0.0
20060430,0.0
20060501,0.0
20060502,11.389885700155952
20060503,0.0
20060504,0.0
20060505,0.09921906837287399
20060506,1.6227445154178672
20060507,0.0
20060508,1.439788020869284
20060509,14.25754517686657
20060510,11.738584960580292
20060511,12.089302066464908
20060512,1.163760810214841
20060513,3.5416131127327315
20060514,2.910328523403237
20060515,4.915602019375675
20060516,9.414328425189542
20060517,0.3528025199704279
20060518,0.16669277811810135
20060519,5.647928511983364
20060520,4.347472776264695
20060521,3.682608006148747
20060522,6.694750605455581
20060523,17.040886430755627
20060524,4.718565548524199
20060525,13.203972271437669
20060526,7.483165742489983
20060527,15.567172344931398
20060528,1.3489426749080138
20060529,1.6484739048867612
20060530,16.40253575726453
20060531,16.78496352179986
20060601,19.00728166017327
20060602,19.58869532211749
20060603,18.93277510211103
20060604,0.46556915649503433
20060605,0.15199344877095103
20060606,0.01770488283576377
20060607,8.457804984198486
20060608,1.9693795980205304
20060609,19.87060746749069
20060610,2.0088847746207503
20060611,13.927600121494864
20060612,9.82145344143155
20060613,22.791807440248412
20060614,27.567426567400545
20060615,9.526679575178623
20060616,10.172547377460985
20060617,12.120161571106486
20060618,19.607803236492664
20060619,2.120084244350666
20060620,21.93347738284303
20060621,2.70173008399546
20060622,15.002597793962792
20060623,12.706405296465656
20060624,18.849897027291558
20060625,29.43591968754484
20060626,41.81242624756983
20060627,1.1349640052640795
20060628,24.516323498222413
20060629,0.0
20060630,16.155885251319962
20060701,1.4170508417300256
20060702,12.396152908260651
20060703,0.0
20060704,4.523720214361177
20060705,9.319045286565261
20060706,5.002939378757871
20060707,10.191836002630476
20060708,0.0
20060709,1.3867500044071868
20060710,8.194476654348334
20060711,14.145364017915384
20060712,0.19025202339453384
20060713,0.13916205000497048
20060714,18.874242050573873
20060715,20.05466971362397
20060716,38.80451809377201
20060717,6.841896281058293
20060718,14.949471706950686
20060719,13.582017127261752
20060720,7.004319300612601
20060721,11.686866784294281
20060722,6.969953050083259
20060723,0.031495019846850596
20060724,5.555322668869609
20060725,26.7976722315025
20060726,7.1215669601452785
20060727,9.075282025249873
20060728,12.357021234048114
20060729,14.866149549671936
20060730,10.53135620797244
20060731,18.725233331842464
20060801,26.695110367174763
20060802,5.606065702702892
20060803,5.20672073397953
20060804,0.22118954436598007
20060805,0.47900749144192434
20060806,8.08179221427773
20060807,2.4728086431748744
20060808,15.06917286911027
20060809,0.007887979263245524
20060810,4.9728698487200935
20060811,3.9922304635097343
20060812,0.0
20060813,0.0
20060814,1.4623817179190903
20060815,11.05087338554536
20060816,13.395602391585298
20060817,11.724499105556752
20060818,14.072849624793117
20060819,3.467642745722931
20060820,6.187496390996709
20060821,4.495817447993088
20060822,21.862133262452957
20060823,16.40750954600218
20060824,10.767789132667618
20060825,0.0
20060826,21.71218342191047
20060827,11.081333137450743
20060828,13.010534259082055
20060829,22.9035156321144
20060830,23.252100039938973
20060831,12.855267073292042
20060901,9.868490807195196
20060902,14.25215733063322
20060903,9.876929511694257
20060904,14.864258270026724
20060905,0.0
20060906,2.7126112312920427
20060907,11.980386355611115
20060908,18.376126858122902
20060909,0.3500080279073811
20060910,3.4777476255254363
20060911,15.171695891528866
20060912,0.23250528444005283
20060913,4.595086925870137
20060914,15.716084469033882
20060915,18.40602470919773
20060916,6.408327449181787
20060917,17.89609318446307
20060918,3.5228509398674737
20060919,17.054897168850715
20060920,8.273547603703514
20060921,12.379553711552282
20060922,0.8810586370173763
20060923,14.986379703846872
20060924,2.787386852581643
20060925,11.239168052497108
20060926,20.974450763482434
20060927,0.1500799207523228
20060928,1.4057919371770116
20060929,0.4752049926945015
20060930,0.0
20061001,3.133157163642893
20061002,17.334673275423555
20061003,30.715109193995886
20061004,1.423819853196028
20061005,0.10933382082279064
20061006,0.0
20061007,29.986931274955566
20061008,7.564538464457009
20061009,9.490882211093899
20061010,8.703130955187536
20061011,4.504383393120389
20061012,6.8542940208188
20061013,14.181026734773457
20061014,21.75726702396755
20061015,31.108142617316933
20061016,13.793835505837759
20061017,0.24528583287107927
20061018,3.5008808554639113
20061019,9.177332771641858
20061020,34.920678054706904
20061021,14.98014378107999
20061022,12.328012832278583
20061023,1.6863185472601072
20061024,7.8967361175142905
20061025,3.700225992489177
20061026,11.53812382978929
20061027,18.679788821999672
20061028,12.739336738906445
20061029,7.489895676642977
20061030,0.0
20061031,0.0
20061101,15.514813599753452
20061102,13.118703812579795
20061103,14.827107651468173
20061104,17.478546923318433
20061105,1.0042337812763145
20061106,6.187059150202228
20061107,19.69685816630224
20061108,0.2866428480804236
20061109,0.0
20061110,1.4377823508461691
20061111,13.470066350267615
20061112,2.246149842400003
20061113,1.5757282323005266
20061114,4.125255709510761
20061115,3.2286022083230073
20061116,8.126893077160432
20061117,13.913036605989912
20061118,0.0
20061119,0.0
20061120,0.0
20061121,0.6527614013877895
20061122,0.0
20061123,0.0
20061124,0.0
20061125,0.0
20061126,0.09911690375625608
20061127,0.0
20061128,0.0
20061129,12.593805776825722
20061130,5.102092475763673
20061201,1.9612585463471528
20061202,0.9852574683934072
20061203,0.0
20061204,1.034586220567178
20061205,4.80895479192024
20061206,3.4953216337891737
20061207,0.0
20061208,22.315484069344983
20061209,26.335654659900094
20061210,0.0046918516880363895
20061211,0.09352948595677926
20061212,0.0
20061213,0.0
20061214,0.01301836288483767
20061215,15.672931813243915
20061216,0.03937544411145763
20061217,1.810475095297197
20061218,0.22786085830143707
20061219,0.0
20061220,0.0
20061221,0.0
20061222,0.0
20061223,0.0
20061224,0.0
20061225,0.13937639676702876
20061226,0.0
20061227,22.22971019531149
20061228,0.0
20061229,0.37788619114670813
20061230,3.0224117515603606
20061231,26.194838889833587
20070101,21.718053602529125
20070102,2.189475358319428
20070103,0.9162279818517216
20070104,16.32849214446428
20070105,6.114246962299665
20070106,4.006142909452655
20070107,4.705283792154099
20070108,22.03115510807559
20070109,21.031199858490137
20070110,14.82541098502328
20070111,8.080259396338654
20070112,4.057906108136483
20070113,2.675364889301786
20070114,0.0
20070115,0.0
20070116,0.0
20070117,0.0
20070118,0.0
20070119,0.0
20070120,3.165050019613673
20070121,0.01028911364605138
20070122,0.0
20070123,0.0
20070124,0.0
20070125,0.0
20070126,0.0
20070127,0.0
20070128,0.0
20070129,3.6665458255060916
20070130,3.1347416864049378
20070131,5.162734895699362
20070201,22.778948460267433
20070202,0.0
20070203,0.0
20070204,0.23647329636628264
20070205,0.0
20070206,0.0
20070207,0.0
20070208,0.0
20070209,0.0
20070210,0.0
20070211,0.0
20070212,0.0
20070213,0.0
20070214,0.36326401595440094
20070215,0.9982490548237961
20070216,0.14775225459111826
20070217,14.601103795993035
20070218,9.966786259439688
20070219,5.1849006323370865
20070220,0.0
20070221,3.105396959707601
20070222,0.0
20070223,0.2773179444394733
20070224,29.783681353725225
20070225,0.0
20070226,0.0
20070227,0.5734197982166173
20070228,0.0
20070301,0.0
20070302,0.0
20070303,0.0
20070304,0.0
20070305,0.0
20070306,0.0
20070307,0.0
20070308,0.0
20070309,0.0
20070310,0.0
20070311,0.0
20070312,0.0
20070313,0.003342991815261498
20070314,16.19848344287719
20070315,8.197639852307933
20070316,9.997842298454762
20070317,1.2564220961072687
20070318,0.0
20070319,0.10481107664991439
20070320,8.057259451863128
20070321,2.4930985107505292
20070322,27.599305505678316
20070323,0.1654488655648831
20070324,1.607284841774072
20070325,0.0
20070326,0.0
20070327,0.1212033046442598
20070328,0.0
20070329,0.0
20070330,0.0
20070331,0.0
20070401,0.0
20070402,0.0
20070403,0.0
20070404,0.0
20070405,0.0
20070406,0.0
20070407,0.0
20070408,0.0
20070409,0.7382467972907918
20070410,2.519108119258366
20070411,6.873297312745138
20070412,0.0
20070413,7.024598870478501
20070414,9.31018924231675
20070415,14.054550015342254
20070416,0.0
20070417,0.0
20070418,8.200916254045463
20070419,9.363280959777319
20070420,1.0292047126848836
20070421,0.0
20070422,0.09779614696825419
20070423,0.0
20070424,1.4737636679563886
20070425,7.810283739705513
20070426,16.78618852999501
20070427,1.540924055081233
20070428,0.0017846326049078694
20070429,0.5813570877712858
20070430,0.05323627709756587
20070501,0.876167359341046
20070502,2.296374156835992
20070503,1.3145336689521303
20070504,0.0
20070505,15.485988662175297
20070506,19.548848634757107
20070507,13.708581105229996
20070508,13.56655008531847
20070509,3.828206324096191
20070510,1.5255343526084322
20070511,0.0
20070512,0.0
20070513,2.398984408723005
20070514,0.7638701049560356
20070515,15.785137786891159
20070516,17.17500336165465
20070517,8.924317573258781
20070518,13.74559886359983
20070519,12.201424836165845
20070520,4.9410138075248575
20070521,14.680196924796057
20070522,11.84337213597337
20070523,0.9630778895518768
20070524,10.718383036818198
20070525,21.799240797195168
20070526,13.37315827050076
20070527,15.38331782705007
20070528,1.8771904409789526
20070529,6.07008950499629
20070530,15.769942463728968
20070531,12.905104724220784
20070601,20.97630948305962
20070602,3.9331371124976937
20070603,10.000136318049053
20070604,5.182793903053525
20070605,20.14047103419435
20070606,20.01028699892426
20070607,8.599690822967828
20070608,1.2144726409218831
20070609,0.0
20070610,4.190760729732722
20070611,11.35402351004532
20070612,1.7805982930658601
20070613,7.941067586999511
20070614,15.590538123550791
20070615,12.278725724083413
20070616,9.32478267209057
20070617,12.53546452371773
20070618,19.58060154872753
20070619,7.640876249241225
20070620,10.99313965556535
20070621,22.83647246025734
20070622,13.552316920942621
20070623,25.83104706107658
20070624,21.797256531967356
20070625,8.893313934831184
20070626,9.64091583976119
20070627,0.6427260227109101
20070628,10.976640348126603
20070629,20.35508785251698
20070630,39.28746467950992
20070701,4.575157171096911
20070702,21.00126957161016
20070703,14.914103590865228
20070704,9.902032916393974
20070705,17.4322069109231
20070706,36.28771739818325
20070707,3.9039953879791995
20070708,4.920206408961638
20070709,13.059248849550336
20070710,60.428212584010105
20070711,22.418982017998808
20070712,2.786549684300279
20070713,11.627168447690858
20070714,5.925782255807422
20070715,2.772383978765401
20070716,0.11808816422808538
20070717,0.4826327678446129
20070718,9.803310922559213
20070719,12.05149645902288
20070720,0.0
20070721,0.0
20070722,0.0
20070723,13.136868546326282
20070724,4.3178638491512
20070725,2.233211837674793
20070726,13.71179229450329
20070727,4.65918932285161
20070728,22.664541461758603
20070729,9.590076532680545
20070730,30.37850948330502
20070731,28.866631578191523
20070801,24.496378600704972
20070802,27.442549270811327
20070803,24.95662416274665
20070804,8.868949656587565
20070805,9.890811087988682
20070806,6.45596996060665
20070807,1.31134673541209
20070808,4.631330027357797
20070809,0.9581258370910362
20070810,2.4044485385193646
20070811,0.0
20070812,3.306526866386273
20070813,15.00028687717511
20070814,3.8441397871006426
20070815,17.17447350025759
20070816,51.508841065176355
20070817,24.26348279123149
20070818,2.1996285344753526
20070819,12.401639471099832
20070820,6.546030472039922
20070821,19.0129948724967
20070822,6.627125385736231
20070823,21.987679097460727
20070824,7.829999640456115
20070825,20.68743687553755
20070826,11.208545678491937
20070827,21.19451850128773
20070828,9.399018571386888
20070829,19.251813193873964
20070830,19.625183887652174
20070831,9.25113391380341
20070901,3.22081881498448
20070902,4.471205994881524
20070903,0.5169840951108863
20070904,0.49607010826611003
20070905,7.760829055382469
20070906,7.990058348192915
20070907,6.397318101060146
20070908,10.87402004403827
20070909,12.782454283233003
20070910,14.81654537905812
20070911,17.63109202701913
20070912,13.06132249558646
20070913,4.192413603103763
20070914,24.61117411841466
20070915,21.41243016535285
20070916,21.62863803619711
20070917,5.757244195118724
20070918,9.004001997075472
20070919,11.231497050128027
20070920,0.11562934162307016
20070921,8.375264907808637
20070922,0.3995797334129017
20070923,0.9197861235901378
20070924,15.039402818977333
20070925,10.989820119788266
20070926,24.776422500846692
20070927,16.747005171056088
20070928,3.9176655270059983
20070929,2.9966232127806958
20070930,12.431254248005871
20071001,0.5922661634017962
20071002,0.0
20071003,0.11415685044657746
20071004,5.194374447109983
20071005,0.08905744498408513
20071006,6.440365830345014
20071007,1.562250884613193
20071008,7.3856258332884925
20071009,15.229977398155238
20071010,6.2029611274334915
20071011,19.813878768930994
20071012,6.5542853104507675
20071013,21.043889145536124
20071014,23.9439203784432
20071015,4.595837069826281
20071016,15.568995665175382
20071017,15.568995665175382
20071018,20.648963011881023
20071019,2.068735550941083
20071020,21.899548142237556
20071021,14.74022572269028
20071022,4.099271988780948
20071023,2.4795646716938204
20071024,9.312212908798386
20071025,14.30048152053027
20071026,6.5441422131070395
20071027,39.710136033162485
20071028,6.646757806722067
20071029,16.96398572190708
20071030,8.630305564782752
20071031,32.690642280295776
20071101,18.053297373325524
20071102,14.225430758924245
20071103,14.214079506417539
20071104,5.978803112181883
20071105,8.968377739635198
20071106,11.456824517687085
20071107,23.611141946668727
20071108,5.808540640256811
20071109,12.075908993356768
20071110,0.21364903998718657
20071111,3.1606685665583356
20071112,18.562894362749176
20071113,20.48007496077122
20071114,9.528831614870006
20071115,10.770331046615691
20071116,5.839198487107905
20071117,30.511215419903625
20071118,39.23577254324131
20071119,15.179341105956063
20071120,16.499031106402686
20071121,0.38499437180175544
20071122,6.654102771236818
20071123,18.19687988034145
20071124,10.088096279625443
20071125,0.0
20071126,0.0
20071127,0.33337683841143806
20071128,7.290294527267335
20071129,0.0
20071130,0.0
20071201,0.0
20071202,0.0
20071203,0.11704110040036692
20071204,20.469985840104563
20071205,2.2450625035431546
20071206,0.0
20071207,3.5654489507367724
20071208,11.780344505024457
20071209,9.225881595399029
20071210,0.3429717810562242
20071211,15.303577951723486
20071212,0.0
20071213,7.74083755971212
20071214,10.962454510311861
20071215,0.0
20071216,0.1962713931846767
20071217,12.594252646033825
20071218,4.511585287922292
20071219,0.0
20071220,5.531556103683347
20071221,0.8773651264225238
20071222,0.011936514877928217
20071223,16.143665129315167
20071224,14.072395776625179
20071225,5.066231032377773
20071226,16.23752168178992
20071227,6.235640626738213
20071228,19.340336041623157
20071229,13.503239846156648
20071230,0.0
20071231,0.0
20080101,0.036504237955412876
20080102,38.32230126166432
20080103,0.0
20080104,0.0
20080105,0.0
20080106,0.0
20080107,7.234633205541504
20080108,12.483844009448093
20080109,6.7466436973490955
20080110,5.89633074455758
20080111,12.053805231420062
20080112,14.216385797970101
20080113,8.32723477248283
20080114,0.08048874633443927
20080115,7.962283892521624
20080116,3.8350769862921172
20080117,4.0320182123622965
20080118,1.5611289671908346
20080119,5.297278014766115
20080120,6.574735037536468
20080121,8.910862662718761
20080122,10.496624125027314
20080123,0.0
20080124,0.0
20080125,0.0
20080126,0.0
20080127,0.0
20080128,0.0
20080129,0.0
20080130,0.0
20080131,0.0
20080201,0.0
20080202,0.0
20080203,0.0
20080204,0.0
20080205,0.0
20080206,0.0
20080207,0.0
20080208,0.0
20080209,0.11106876997685268
20080210,8.27374945421252
20080211,16.87746087169424
20080212,13.352242372405888
20080213,16.274581076243514
20080214,16.5816603814693
20080215,1.9271081009633961
20080216,21.945365692821778
20080217,9.758841499350043
20080218,14.552391552890882
20080219,0.6946059175978013
20080220,5.365634058835781
20080221,0.0
20080222,4.446738228861674
20080223,6.453331611288299
20080224,20.797849675879338
20080225,4.290125331422747
20080226,23.247202364919147
20080227,0.0
20080228,3.4261172549786805
20080229,0.4103879379749414
20080301,5.019799018928426
20080302,14.564639438767733
20080303,12.602906930716408
20080304,1.5956823143932148
20080305,8.030595075520667
20080306,38.272706990691525
20080307,0.1670309137877081
20080308,5.026537187266151
20080309,0.0
20080310,0.0
20080311,0.0
20080312,11.136309384098407
20080313,5.5541848346872555
20080314,3.190602916480239
20080315,4.0473488098349835
20080316,9.897937008322227
20080317,31.18822661519161
20080318,2.7182361773854273
20080319,15.462232638923165
20080320,0.17663252501572474
20080321,11.539097279025182
20080322,0.0
20080323,11.098561108283864
20080324,0.30955884226728936
20080325,0.0
20080326,22.035613990525984
20080327,22.17643857264871
20080328,6.289147661097098
20080329,0.0
20080330,0.51513021785883
20080331,0.3663310314937068
20080401,8.514330378091747
20080402,0.30616592309343155
20080403,8.0000354457634
20080404,0.0
20080405,0.0
20080406,0.0
20080407,0.0
20080408,4.1919257911489805
20080409,0.0
20080410,0.0
20080411,0.43625991655541124
20080412,2.8613831388594164
20080413,29.884677349003795
20080414,1.2666521069952017
20080415,4.933067919274786
20080416,2.5000692898773043
20080417,0.01198457133160417
20080418,0.9749663687904572
20080419,0.13748186562291276
20080420,0.0
20080421,0.1398331069485169
20080422,0.13833841782778536
20080423,17.031053660348835
20080424,0.0686595607982507
20080425,22.081386888985275
20080426,24.9668453258154
20080427,15.267137667067402
20080428,35.408511536466776
20080429,33.44692097799173
20080430,1.8489636038029733
20080501,13.670182579988065
20080502,27.663312100870595
20080503,14.095523670564916
20080504,9.349981732550333
20080505,14.683418199981423
20080506,8.045240194367848
20080507,6.15145378231056
20080508,15.199616499153343
20080509,22.295460154520146
20080510,4.80141680709408
20080511,1.9901310923415916
20080512,3.9725314817802393
20080513,7.656429079901997
20080514,2.6322165768825587
20080515,0.003046061421923564
20080516,8.858540831805477
20080517,3.3406587176609723
20080518,6.783582756683071
20080519,3.299574480173325
20080520,6.6373025883631005
20080521,8.755019857420677
20080522,0.0
20080523,2.1573953668836707
20080524,10.607013425088851
20080525,4.244284538133659
20080526,20.224112150855166
20080527,21.013945576271507
20080528,13.937374853145213
20080529,0.9130974561780758
20080530,1.6480177305494272
20080531,21.198445697854115
20080601,4.844226039306532
20080602,0.3034366766637044
20080603,1.566961406741657
20080604,2.4578187962991906
20080605,28.368920484485642
20080606,16.004999051161235
20080607,1.287252881375065
20080608,0.0
20080609,16.229108899827576
20080610,12.369253741715072
20080611,12.06461246285954
20080612,34.05577840313701
20080613,13.269424413718212
20080614,4.475199248585979
20080615,11.357423150872602
20080616,22.925119547802872
20080617,7.490598427937273
20080618,4.113685730192325
20080619,36.9484934933752
20080620,30.77357339116166
20080621,32.33430135890704
20080622,0.3604541773967026
20080623,5.581340317592013
20080624,13.417800102716068
20080625,14.67689293466016
20080626,25.480345257553484
20080627,17.745721986972345
20080628,23.173084104422184
20080629,49.75623949704271
20080630,2.6645720014456264
20080701,10.04909889090042
20080702,33.56971146311119
20080703,27.073945167001227
20080704,9.627132870463194
20080705,12.93385547359461
20080706,10.122961394597723
20080707,12.685470619080354
20080708,0.11732210487632293
20080709,0.3410880472336294
20080710,4.163069897889045
20080711,9.394094421066706
20080712,7.960351488527012
20080713,14.759744703734345
20080714,7.122471948262348
20080715,11.768055787395431
20080716,9.907704309494822
20080717,5.917483094970926
20080718,3.869764761697151
20080719,1.8320277829827532
20080720,16.544925034588864
20080721,28.159193585257967
20080722,30.48056017893527
20080723,27.315858137459966
20080724,12.508842675877595
20080725,13.675829777682601
20080726,9.832250710431298
20080727,7.005545515142019
20080728,8.082939943227194
20080729,2.3118653503743523
20080730,22.3017358775842
20080731,22.40427515111471
20080801,22.16119068927403
20080802,12.594158667657904
20080803,0.0
20080804,12.084940295415242
20080805,7.153774501052785
20080806,32.65704993199361
20080807,6.955039866399782
20080808,1.756819907336898
20080809,6.533925725186674
20080810,11.665328814340773
20080811,6.798841205116382
20080812,24.60012582405018
20080813,0.9130370541475556
20080814,6.8264173848143
20080815,19.566073615509428
20080816,17.905620892114342
20080817,4.052269463935253
20080818,7.570179194916276
20080819,10.222071590030906
20080820,19.068436145468482
20080821,10.932917626672248
20080822,9.547170791203426
20080823,14.517934061413177
20080824,24.503219717281933
20080825,16.055588051593706
20080826,7.049401851367829
20080827,0.0
20080828,9.866663543082595
20080829,19.938865335576757
20080830,4.4528952287054295
20080831,2.7736247733953294
20080901,5.630276327249445
20080902,0.0
20080903,1.4707613184819197
20080904,27.860373189220567
20080905,27.38228666129414
20080906,18.940780927598784
20080907,23.398559279096776
20080908,20.149218923204035
20080909,24.798982880216517
20080910,7.128462748090137
20080911,6.855590214507448
20080912,12.554380560064777
20080913,8.59665681630179
20080914,7.985140049826179
20080915,9.600717045219348
20080916,41.28113930666798
20080917,0.9975801691603005
20080918,23.666545822575635
20080919,36.70780608991335
20080920,17.02291186699318
20080921,0.3688704988528005
20080922,4.9439948727081
20080923,16.82884936144034
20080924,0.0
20080925,0.4464265027044121
20080926,6.249014734755277
20080927,24.676505640615993
20080928,0.0016056731038634837
20080929,22.019590810937512
20080930,0.0
20081001,7.375798315267617
20081002,10.194740171211787
20081003,18.731362789287516
20081004,3.5967225421704505
20081005,16.228073089394346
20081006,10.059188865764428
20081007,0.013577374789198545
20081008,22.13054559012238
20081009,14.65137091386557
20081010,0.0
20081011,0.0
20081012,0.7138330411439916
20081013,50.19777214371501
20081014,7.173244436783173
20081015,1.596835320621514
20081016,0.9601273450447101
20081017,0.4262608790863798
20081018,7.646966368869042
20081019,9.394711618041146
20081020,18.42433199597811
20081021,14.430458202101226
20081022,8.509600999390392
20081023,8.633808688828948
20081024,8.900534361395646
20081025,0.46784607101917147
20081026,10.069413585497205
20081027,10.389209199186883
20081028,11.899050207807326
20081029,18.847423737290338
20081030,12.467662785425599
20081031,0.0
20081101,9.162264362797465
20081102,0.0
20081103,5.306355123349967
20081104,0.0
20081105,13.959980986289905
20081106,8.199258100659465
20081107,25.378437845022102
20081108,12.144208179396056
20081109,10.569338984835667
20081110,19.263117905282606
20081111,9.142794309019326
20081112,8.079571330876753
20081113,6.15762802757534
20081114,40.1224077512781
20081115,12.93061384112952
20081116,0.0
20081117,0.7398661852975368
20081118,1.8314656782751004
20081119,19.507183639952988
20081120,7.0118792722924095
20081121,7.217436261579909
20081122,2.18354959003636
20081123,4.632778378076185
20081124,15.013912690015307
20081125,0.0
20081126,0.0
20081127,0.0
20081128,27.455509997504496
20081129,2.5992845755025087
20081130,1.984200680996796
20081201,27.401442329455897
20081202,28.203921501332104
20081203,22.019874888295842
20081204,10.614219127221013
20081205,23.609888484343184
20081206,19.394091068241785
20081207,26.194752122297764
20081208,0.833975402634914
20081209,0.0
20081210,3.586321075799775
20081211,0.0
20081212,0.0
20081213,0.0
20081214,0.0
20081215,0.0
20081216,0.0
20081217,0.0
20081218,2.190368066659309
20081219,10.064075155047165
20081220,10.358515284933805
20081221,0.3740825198599509
20081222,0.7443032367324988
20081223,12.933934460904963
20081224,4.041436053020165
20081225,3.130629664936754
20081226,16.96276956156075
20081227,15.010162108194633
20081228,0.0
20081229,10.040079667761246
20081230,19.760621862893704
20081231,12.272676133268977
20090101,9.40322351782963
20090102,20.09612648126332
20090103,23.46867021627283
20090104,0.12234363472414762
20090105,0.0
20090106,9.428045906990375
20090107,16.68668998821123
20090108,14.462370647949076
20090109,3.20183176334256
20090110,5.941301428589113
20090111,10.366289645196584
20090112,20.97346254095206
20090113,16.3885950498892
20090114,13.243164346972973
20090115,15.970762322303694
20090116,15.574687202669036
20090117,20.169504432680267
20090118,9.510887831246306
20090119,5.835828715906627
20090120,9.72457890405605
20090121,8.740260151406185
20090122,5.378690672927889
20090123,5.884961940686421
20090124,4.730506291746851
20090125,4.149084415063591
20090126,19.41378246699268
20090127,0.0
20090128,0.0
20090129,0.0
20090130,0.0
20090131,1.8759975539051168
20090201,1.3224798491692273
20090202,26.41915794439664
20090203,9.143912588861237
20090204,1.9651678413274556
20090205,0.6653491324747037
20090206,23.51389390261924
20090207,9.936055158734064
20090208,0.0
20090209,12.651596506636672
20090210,1.2750464869867089
20090211,22.323620366095575
20090212,22.061461619659998
20090213,11.625751839150865
20090214,12.08943301778748
20090215,0.054215948236975564
20090216,0.0
20090217,0.0
20090218,0.0
20090219,0.0
20090220,0.383393948729862
20090221,0.0
20090222,5.8885582482213605
20090223,0.6715978358664048
20090224,9.977005830225528
20090225,24.109029744257402
20090226,8.361749783089287
20090227,0.0
20090228,3.885182894990103
20090301,1.5930231470185778
20090302,7.871518629195671
20090303,0.0
20090304,2.9008893053606672
20090305,0.0
20090306,0.0
20090307,0.019546073711174103
20090308,0.0
20090309,0.0
20090310,0.08439347808568476
20090311,2.874249764785435
20090312,1.5325278271556313
20090313,57.9030567412452
20090314,2.951278208276254
20090315,0.493638494090011
20090316,0.0
20090317,0.0
20090318,0.0
20090319,4.41479547446972
20090320,13.075030350554137
20090321,0.0
20090322,0.0
20090323,0.0
20090324,0.2944562830889076
20090325,0.0
20090326,0.0
20090327,0.0
20090328,8.529867383323758
20090329,27.870690205321427
20090330,21.8641742017895
20090331,0.039739788905305565
20090401,0.0
20090402,0.2664975883048055
20090403,0.7108920801935456
20090404,0.0
20090405,0.0
20090406,0.0
20090407,3.3208821150540224
20090408,0.16205225916196372
20090409,3.766994231370828
20090410,3.8709188550700286
20090411,0.0
20090412,0.15557064765897574
20090413,20.60256410864107
20090414,0.8159590931439947
20090415,8.620801213933332
20090416,2.6683974207160848
20090417,9.460924829813585
20090418,38.41390184573122
20090419,17.621909976526833
20090420,52.3373435144916
20090421,0.0943649068730888
20090422,0.0
20090423,4.153257374634715
20090424,16.422898302664542
20090425,0.1912913756788307
20090426,4.0552741384503115
20090427,19.944498426031572
20090428,25.040738261975307
20090429,6.802493428802952
20090430,16.877451384388372
20090501,38.6633300704952
20090502,17.363007605566057
20090503,0.0
20090504,0.0
20090505,0.0
20090506,1.6101845386921465
20090507,13.297561123176775
20090508,13.485541390388722
20090509,9.350689326652228
20090510,3.8106593951429115
20090511,9.754042167209434
20090512,5.799132841345431
20090513,8.197058351423061
20090514,7.160560017401602
20090515,26.13307948000831
20090516,21.62513269541634
20090517,9.12399923079553
20090518,27.482729427897592
20090519,24.164504107619802
20090520,5.5291195310950005
20090521,10.869145339258424
20090522,4.08171733529145
20090523,5.201190757076088
20090524,0.0
20090525,2.493624630234414
20090526,15.550838183024103
20090527,26.223440691256375
20090528,7.347797386572327
20090529,7.023980383310187
20090530,37.97231655016366
20090531,10.107614964863446
20090601,0.798644238904612
20090602,0.5630256473376419
20090603,10.036174505842862
20090604,14.774706682036298
20090605,4.2189515594439415
20090606,18.650149112264653
20090607,26.34531663034809
20090608,2.268382922963861
20090609,20.732392908304394
20090610,16.842923022163756
20090611,8.48871345665155
20090612,7.36346419463731
20090613,22.214364619483874
20090614,22.27126064958574
20090615,8.834249266283345
20090616,0.0
20090617,0.043352451528244206
20090618,2.1702113172110726
20090619,27.053525771133344
20090620,15.917971344633921
20090621,6.47023094719579
20090622,12.410667937494503
20090623,32.040762195742985
20090624,11.574341579533222
20090625,25.81536760443802
20090626,23.195047123748164
20090627,22.62725300429262
20090628,15.889165316199783
20090629,17.103438968572313
20090630,19.746338919541063
20090701,16.76976949547373
20090702,8.527450277301758
20090703,10.224751427064865
20090704,22.34114910520032
20090705,8.749392547697852
20090706,31.015862586643163
20090707,21.677689089424963
20090708,23.95724035953101
20090709,9.604544321241772
20090710,10.482011948846544
20090711,24.792591436219823
20090712,17.647737827646125
20090713,21.98396629630078
20090714,29.7918352641316
20090715,5.727110872854059
20090716,11.738448851005879
20090717,55.36308331758304
20090718,0.012385281718276393
20090719,13.14493154832635
20090720,11.422694962989011
20090721,12.785402133653557
20090722,18.831975175138318
20090723,15.160179732110462
20090724,13.449009410689856
20090725,28.686123751989488
20090726,5.351187174184798
20090727,25.585207714950972
20090728,1.0065243128523098
20090729,0.6348609347282195
20090730,23.97146170167064
20090731,23.294361131641875
20090801,7.652058733160587
20090802,0.0
20090803,0.0
20090804,1.3037169770035075
20090805,0.0
20090806,0.24600791370337743
20090807,0.060587857173494235
20090808,0.0
20090809,0.3930314337299294
20090810,12.838101722178457
20090811,1.5168158789685888
20090812,23.51943101428831
20090813,0.24933694927742783
20090814,0.5219444824629074
20090815,19.726411780156035
20090816,12.219648464362221
20090817,20.031417882209738
20090818,11.213361441868956
20090819,0.0
20090820,18.56823628508376
20090821,9.632250194976308
20090822,5.126826503132568
20090823,9.161161033381545
20090824,6.95507744642969
20090825,11.78331333917526
20090826,27.340011369480514
20090827,19.06142571284231
20090828,27.88302071486126
20090829,24.179440159670957
20090830,0.0
20090831,0.7180686424305702
20090901,15.379490247884908
20090902,0.0
20090903,5.845108093226507
20090904,0.0
20090905,9.033819778262238
20090906,4.392108752558302
20090907,0.0
20090908,0.0
20090909,2.4415219366758207
20090910,37.89151648145989
20090911,5.214761490727618
20090912,0.0
20090913,18.966033424728078
20090914,4.702963664348274
20090915,5.759311150277168
20090916,2.1431982461343853
20090917,20.998049083580128
20090918,16.64989656620216
20090919,44.17434021811853
20090920,20.8335647474503
20090921,21.290176363533106
20090922,0.0
20090923,22.33888792635816
20090924,28.29818315973912
20090925,5.408956344586429
20090926,0.0
20090927,0.0
20090928,37.66079499360627
20090929,0.0
20090930,0.0
20091001,6.0317418274871155
20091002,6.646895471247422
20091003,0.20830101096167164
20091004,10.755682459508098
20091005,1.1700115186759827
20091006,23.405537831112746
20091007,0.7146694213441999
20091008,0.002327744105643412
20091009,13.744011912972567
20091010,12.725871776810086
20091011,5.162643348273582
20091012,22.066535941501627
20091013,10.640258919509014
20091014,0.5928520416218621
20091015,3.8995083039941165
20091016,3.22355390734743
20091017,1.8804079843835697
20091018,1.268543106774609
20091019,1.4120000601727554
20091020,7.634762632418457
20091021,0.012789434873852744
20091022,8.265819556046562
20091023,10.944292702022489
20091024,9.727780524120542
20091025,9.074240188205279
20091026,11.697851798158709
20091027,0.47566436976750287
20091028,0.6575145105059423
20091029,11.249742775895166
20091030,16.697683129607753
20091031,0.0
20091101,0.697871103769949
20091102,0.0
20091103,0.0
20091104,23.56522544427635
20091105,0.8685613912264225
20091106,10.894466618570558
20091107,10.441454999285172
20091108,5.9636506520925225
20091109,0.8565405248656276
20091110,3.6830459385570626
20091111,14.626396085791448
20091112,0.0
20091113,1.9090113236469894
20091114,12.632631652054467
20091115,12.48122997850869
20091116,44.231254249021234
20091117,5.602531253225058
20091118,0.0
20091119,35.85601347391586
20091120,36.178954189105376
20091121,28.286588777054888
20091122,15.63031794352081
20091123,59.620055835837086
20091124,28.94851404128648
20091125,7.930890230697697
20091126,0.5214711330597327
20091127,0.0
20091128,0.0
20091129,0.0
20091130,0.0
20091201,0.0
20091202,0.0
20091203,0.0
20091204,0.0
20091205,0.0
20091206,0.0
20091207,0.0
20091208,0.0
20091209,0.0
20091210,3.116618819785902E-4
20091211,0.0
20091212,17.215029827386125
20091213,16.572781321141424
20091214,0.0
20091215,4.744249772703482E-4
20091216,0.0
20091217,0.0
20091218,0.0
20091219,3.2656989331130917E-4
20091220,0.0
20091221,2.765164765229453
20091222,0.0
20091223,0.0
20091224,0.0
20091225,0.0
20091226,0.0
20091227,0.0
20091228,0.5136289263946787
20091229,0.23320503005572343
20091230,7.147370841198746
20091231,1.320895340010271
20100101,0.0
20100102,0.0
20100103,0.0
20100104,0.0
20100105,0.0
20100106,0.5107382737466031
20100107,0.10362952556548585
20100108,16.10516496185644
20100109,2.28955067861123
20100110,0.03440681790677231
20100111,4.043350203355854
20100112,5.608133084392957
20100113,9.709368854709286
20100114,6.860781097469576
20100115,13.670999010048927
20100116,11.170754070981172
20100117,2.3489329601519655
20100118,0.0
20100119,0.2465814506546254
20100120,0.7716217059298973
20100121,21.415278961163626
20100122,14.628329591518007
20100123,6.427476455267824
20100124,0.0
20100125,0.0
20100126,0.0
20100127,1.5748622436342192
20100128,0.0
20100129,0.0
20100130,6.6304159344792835
20100131,0.0
20100201,0.0
20100202,5.182775157970261
20100203,0.0
20100204,0.0
20100205,0.0
20100206,0.0
20100207,1.1389738747886362
20100208,0.0
20100209,3.4740678064359396E-4
20100210,0.0
20100211,0.0
20100212,0.0
20100213,0.0
20100214,4.181539927854515
20100215,3.860932991131584
20100216,2.6666122900654803
20100217,7.930469982085218
20100218,0.0
20100219,20.380066226493316
20100220,9.317871225465483
20100221,8.301886896947988
20100222,16.424606112810224
20100223,12.811921868357036
20100224,0.17818026041315455
20100225,0.0
20100226,0.43634237858100994
20100227,0.0
20100228,0.042097380591793555
20100301,0.0
20100302,0.0
20100303,0.0
20100304,0.0
20100305,0.0
20100306,0.0
20100307,0.0
20100308,0.0
20100309,0.0
20100310,0.0
20100311,0.0
20100312,0.0
20100313,0.0
20100314,0.0
20100315,0.0
20100316,0.0
20100317,0.0
20100318,0.0
20100319,0.0
20100320,0.0
20100321,26.07877359567168
20100322,0.0
20100323,0.0
20100324,0.0
20100325,3.570269289708833
20100326,17.721970056928456
20100327,0.0
20100328,1.1751573117340395
20100329,6.144430413261495
20100330,0.0
20100331,3.0177164985837313
20100401,0.01458064379247799
20100402,4.3399282315684165
20100403,24.296928278420193
20100404,8.230348801277854
20100405,0.0
20100406,0.10355524757508343
20100407,0.0
20100408,1.103181280094358
20100409,0.04782898319036766
20100410,0.7756355197131563
20100411,0.0
20100412,4.371296564010718
20100413,0.9739908312108349
20100414,0.0
20100415,0.8837222709760226
20100416,0.0
20100417,2.3112933936539637
20100418,0.0
20100419,0.0
20100420,0.0
20100421,0.0
20100422,0.0
20100423,0.0
20100424,0.0
20100425,0.0
20100426,16.642584329918108
20100427,0.33157105516684154
20100428,15.234520692910053
20100429,0.0
20100430,0.35629325262021205
20100501,1.043099356233148
20100502,1.1525545117608276
20100503,2.7947987477234397
20100504,12.745585641267672
20100505,6.327487869742199
20100506,18.169221889228737
20100507,0.0
20100508,0.0
20100509,0.4264661473958386
20100510,16.281497369168285
20100511,1.644696972320833
20100512,0.0
20100513,0.0
20100514,0.10617985215832518
20100515,15.507459180964926
20100516,1.0307822678078076
20100517,0.24639030080088833
20100518,4.589738614073367
20100519,0.0
20100520,0.0
20100521,0.0
20100522,2.3318508783125047
20100523,5.8031791393580265
20100524,10.560447125927183
20100525,6.369858395419432
20100526,25.735395478065605
20100527,14.095426865732824
20100528,24.88655678687505
20100529,17.844067221506368
20100530,9.665402748152815
20100531,15.859530986018875
20100601,29.29968593778047
20100602,13.698768645388496
20100603,9.28345886437074
20100604,26.053680083797268
20100605,16.772835010060035
20100606,7.581198633917487
20100607,16.69968285943672
20100608,13.700334626265645
20100609,10.771290586789796
20100610,13.28449989159621
20100611,0.2758197894846776
20100612,35.385245422149964
20100613,0.0
20100614,2.3975136770551866
20100615,0.0
20100616,5.10283480682434
20100617,16.652072603929753
20100618,13.556563550857577
20100619,12.149326244664092
20100620,21.03647482948816
20100621,16.234884577747177
20100622,2.6288948422649105
20100623,10.029500526864576
20100624,0.3129789434079428
20100625,34.56012700488807
20100626,3.78675728852878
20100627,9.245525311841398
20100628,29.27894858682366
20100629,1.3285815847857922
20100630,31.33388748919214
20100701,9.519130953189888
20100702,0.8462253249999571
20100703,5.775207163577099
20100704,0.00170859928037783
20100705,5.510671499434071
20100706,49.49782028075633
20100707,10.033721867316604
20100708,7.35734078838332
20100709,20.20420991213995
20100710,9.284346610738856
20100711,17.291146226771623
20100712,13.282161074930801
20100713,42.95488098563658
20100714,35.971406314622946
20100715,0.937968417637599
20100716,0.8242266845893249
20100717,15.04754276316401
20100718,13.882581209135827
20100719,8.894525737802416
20100720,0.42258411091104997
20100721,5.258898591034922
20100722,29.909918641964115
20100723,8.690854598981026
20100724,2.7703962680222363
20100725,12.413230932117607
20100726,20.865731874251843
20100727,38.610692765842316
20100728,4.513416075149005
20100729,45.553275182031534
20100730,22.849676520243012
20100731,10.453171166206898
20100801,9.984902937509343
20100802,4.394242343153549
20100803,3.509216596748228
20100804,37.4079834672386
20100805,30.830497641225367
20100806,12.792668601175373
20100807,1.70818209849222
20100808,0.5199589316024555
20100809,18.9056950323522
20100810,10.721799895465717
20100811,29.73358631462064
20100812,3.291130809919063
20100813,6.99240047875947
20100814,5.932638143954753
20100815,8.232751454166282
20100816,25.569568545926124
20100817,19.381932582363795
20100818,8.956936787242308
20100819,0.007582747932070337
20100820,20.5986413148035
20100821,26.621577638542863
20100822,19.797180171778837
20100823,1.4363586855669246
20100824,20.524517242921412
20100825,4.2911145918185865
20100826,20.12466372290026
20100827,32.108642807551206
20100828,20.051692543482016
20100829,0.21110353818793304
20100830,4.7250969369879146
20100831,31.448973168566678
20100901,14.269440007090202
20100902,23.036859787758814
20100903,0.0
20100904,0.0
20100905,23.38996657785601
20100906,8.019694716080727
20100907,0.028421118326245682
20100908,5.1943770640694105
20100909,0.0
20100910,13.323125798406638
20100911,9.652691360658512
20100912,8.495387091164261
20100913,19.908877415181582
20100914,23.97752526595977
20100915,2.3010635886573025
20100916,2.495594736708226
20100917,15.88934779166694
20100918,18.05056294130332
20100919,4.941952398115878
20100920,4.406126845277211
20100921,10.448567057915756
20100922,0.07249766422039187
20100923,0.0
20100924,4.348472445520239
20100925,0.2726986543947894
20100926,0.6747005602368452
20100927,16.558958246395022
20100928,16.47299832743536
20100929,39.237294933099335
20100930,29.38356729531071
20101001,9.824011526721513
20101002,6.063335126342742
20101003,1.3073372499836742
20101004,1.5941845115191764
20101005,10.05171032674888
20101006,7.791541092786097
20101007,12.48639344448742
20101008,13.642942906512996
20101009,11.374977980487968
20101010,6.981930648819957
20101011,19.797766082807733
20101012,2.804754576876123
20101013,16.733201912767793
20101014,6.0247649673176005
20101015,7.861566947588499
20101016,23.58320035990589
20101017,1.8752924149017275E-4
20101018,10.486170847286393
20101019,11.859636269290501
20101020,0.0
20101021,2.8614363607122235
20101022,5.349449748902966
20101023,11.134085205464007
20101024,0.38732374462632185
20101025,17.56434048337591
20101026,6.853381986583963
20101027,14.121472911191933
20101028,9.788849978050836
20101029,7.147123114272206
20101030,9.092176195132591
20101031,8.622456545142562
20101101,12.368530785293693
20101102,2.7130138854814922
20101103,4.546389867509674
20101104,3.2289996109162296
20101105,7.2752979356009355
20101106,1.4374377333625032
20101107,3.0488169560466747
20101108,1.4834233642137942
20101109,17.408546934591246
20101110,0.0
20101111,4.727215231678535
20101112,0.34602621773047965
20101113,0.0
20101114,12.130020061663908
20101115,12.28765450547274
20101116,7.012604406141269
20101117,2.2737963680669315
20101118,0.1179010561561006
20101119,0.0
20101120,5.368577245955714
20101121,19.019634725233068
20101122,0.8551865631377492
20101123,0.28840542153301435
20101124,4.832183637470453
20101125,2.3418086963377243
20101126,14.470460125914649
20101127,13.214293284755993
20101128,0.07541541565686204
20101129,3.080286206269046
20101130,7.332206757504724
20101201,0.47871262415522575
20101202,7.337473072877753
20101203,0.802454178454994
20101204,0.0
20101205,0.7172584579387724
20101206,10.745494504895934
20101207,7.0277794628935535
20101208,11.122596012843074
20101209,0.0
20101210,24.52177545796208
20101211,33.92865918442597
20101212,16.426100085706413
20101213,0.0
20101214,0.0
20101215,0.0
20101216,1.665861718880264
20101217,0.0
20101218,0.0
20101219,12.491302725003083
20101220,9.478840365060783
20101221,0.0
20101222,2.9071227974209735
20101223,8.531871633341488
20101224,16.48309513044263
20101225,13.443840715617235
20101226,0.975378345080311
20101227,0.05494896209633469
20101228,4.555007210013266
20101229,16.806579022403874
20101230,6.868943586269198
20101231,31.24540583873399
20110101,9.06870136507093
20110102,18.005878068539836
20110103,15.996932498949064
20110104,18.720006971484636
20110105,20.576539916589194
20110106,0.9857412964463032
20110107,0.39700553369384317
20110108,0.689784220588814
20110109,0.0
20110110,0.0
20110111,5.718623970721235
20110112,10.002475857977288
20110113,3.335927964945132
20110114,7.046942673543495
20110115,22.260591203533874
20110116,3.233392354522924
20110117,17.25270042759596
20110118,8.114114491108515
20110119,6.336898481941924
20110120,10.739978870773866
20110121,0.0
20110122,8.826781694326998
20110123,1.7081295401005259
20110124,10.7204910184638
20110125,0.06415758915908881
20110126,0.833642344477458
20110127,17.41003008403539
20110128,7.372100727365898
20110129,0.1799332897699105
20110130,8.105129287857249
20110131,20.258938313165753
20110201,20.16124565701577
20110202,9.948046365619394
20110203,6.6452323855104005
20110204,9.333295375752863
20110205,1.249860064821331
20110206,9.697059351143434
20110207,4.996103642762303
20110208,0.034396146172333435
20110209,5.318785059475362
20110210,1.3504133327522845
20110211,10.451065513682073
20110212,15.715352654131443
20110213,20.469621904481812
20110214,0.06085773384691129
20110215,0.0
20110216,1.4623666895749003
20110217,30.823827475043284
20110218,7.321160298720919
20110219,1.1834517979434578
20110220,0.0
20110221,1.513033411289488
20110222,23.68171363461231
20110223,1.8198526809190279
20110224,0.2631352336247959
20110225,8.391558237186242
20110226,19.793015792624534
20110227,28.003302290837595
20110228,4.517143630619491
20110301,10.606816658167737
20110302,27.193052474428004
20110303,8.695080770969946
20110304,3.1808896313331774
20110305,7.978016209754399
20110306,13.619948650318173
20110307,17.769998489817894
20110308,5.142034398491443
20110309,3.32917317368579
20110310,0.0
20110311,1.716306845407154
20110312,5.535665013685381
20110313,0.018380005965459783
20110314,15.255434854911117
20110315,4.734603899575365
20110316,0.8743381310342041
20110317,1.5606834207479703
20110318,30.159812108146898
20110319,16.22888957478107
20110320,0.471360690366415
20110321,17.36368631972859
20110322,5.053018381062953
20110323,9.570018558795754
20110324,15.587867620441742
20110325,26.045011811232094
20110326,7.219443879166119
20110327,3.760801645077258
20110328,6.514781588549308
20110329,0.0
20110330,0.0
20110331,7.820637802114561
20110401,11.119181867022176
20110402,0.0
20110403,0.0268122025208849
20110404,7.031510804272104
20110405,1.7801931041305186
20110406,0.0
20110407,0.0
20110408,0.0
20110409,0.0
20110410,0.0
20110411,2.5696362864426203
20110412,0.9950654655327288
20110413,0.0010360322122668802
20110414,0.0
20110415,11.476853031071547
20110416,6.17236675951405
20110417,1.4589941649207159
20110418,0.0
20110419,5.460896263998656
20110420,5.08083645666868
20110421,16.15719947951702
20110422,10.65582372426714
20110423,9.25399390350962
20110424,6.241294842266779
20110425,7.198518352025122
20110426,11.267960798803088
20110427,0.0
20110428,9.235454245146254
20110429,4.210511881390853
20110430,2.4308430168365187
20110501,10.288408499637113
20110502,2.145173254420978
20110503,13.092800523487531
20110504,16.402314153813357
20110505,3.137225723188896
20110506,7.240964615373675
20110507,1.692803038283645
20110508,16.104216646258916
20110509,2.950313289932058
20110510,24.07749228551839
20110511,7.712450993656331
20110512,5.713991070454682
20110513,9.94749318176249
20110514,15.090916324420206
20110515,7.194600573564441
20110516,14.973777641688534
20110517,6.493682270090291
20110518,5.921131345659462
20110519,12.376254864625167
20110520,7.688570074393061
20110521,15.160311161265449
20110522,4.951673873430181
20110523,21.022797366720745
20110524,6.392251860858007
20110525,36.26932312402718
20110526,17.272209013781463
20110527,3.315193438124943
20110528,26.003959975516615
20110529,14.01485721286803
20110530,17.90689239158845
20110531,22.237950404444106
20110601,7.323635081468575
20110602,0.8578850577298202
20110603,8.023024248548252
20110604,3.247980229753121
20110605,25.802527370566736
20110606,31.90220856330416
20110607,14.514765222095502
20110608,20.850345793848994
20110609,2.362235460749218
20110610,26.439878255689532
20110611,11.465337692523985
20110612,25.44511005813983
20110613,38.2382519378758
20110614,21.653373218191014
20110615,8.59099974475369
20110616,13.53392211860573
20110617,25.55677945635054
20110618,14.777986256214808
20110619,6.338229210493146
20110620,17.18873036389589
20110621,5.550160812611814
20110622,18.05957867955428
20110623,24.849925637644102
20110624,0.0
20110625,2.56981892500197
20110626,0.0
20110627,0.0
20110628,14.519349327783653
20110629,11.56757575572663
20110630,1.2538110040839299
20110701,32.96447456647972
20110702,7.691699755681905
20110703,32.97974322530483
20110704,43.78556852454444
20110705,14.750518713438968
20110706,0.004713715851808978
20110707,10.523287014411531
20110708,14.882372229583812
20110709,12.718882079427534
20110710,0.19418098175764592
20110711,27.12570136742228
20110712,23.157795825538948
20110713,43.17653220469999
20110714,6.482875919495799
20110715,4.050472882560518
20110716,7.773317446470962
20110717,17.928980627114917
20110718,9.383645163944795
20110719,8.630571369265994
20110720,6.449944259425612
20110721,17.16132160015158
20110722,17.67931585679161
20110723,0.9862473042265395
20110724,29.23494840738026
20110725,2.940115224836182
20110726,17.79328590448113
20110727,18.791469368386498
20110728,3.8418295969257823
20110729,14.517384869014032
20110730,10.089137001341404
20110731,6.6384314782786324
20110801,28.964885403625907
20110802,27.084564122731756
20110803,19.371295180711986
20110804,21.177805497272978
20110805,19.215034489201447
20110806,23.589326768902108
20110807,11.195735154194121
20110808,4.837918754963101
20110809,31.985171479155387
20110810,8.27207104953134
20110811,15.60018598283602
20110812,10.418260872097468
20110813,16.230090393447256
20110814,11.822982627243928
20110815,1.0267132480090462
20110816,16.050343055856494
20110817,16.894543069014873
20110818,14.755713162911066
20110819,14.097746667156294
20110820,12.728506281001755
20110821,13.564763892127583
20110822,5.6111527273463295
20110823,0.9933662441091758
20110824,19.38500445550196
20110825,16.202395403210364
20110826,0.11473516216822166
20110827,0.0
20110828,7.386487771850972
20110829,7.881952822866793
20110830,8.865430858107622
20110831,8.677246766945826
20110901,14.923142861656652
20110902,10.911752442174611
20110903,20.48390789112587
20110904,18.760013879408394
20110905,4.262653139918495
20110906,27.199011605192656
20110907,15.122621641345468
20110908,25.133271452572647
20110909,9.858413542029048
20110910,7.338204437018491
20110911,10.606801645689352
20110912,10.563951699823727
20110913,0.011404198742773661
20110914,0.0
20110915,11.710903657729494
20110916,23.865267261069405
20110917,24.309919474679262
20110918,12.861161618867248
20110919,22.33790636703444
20110920,0.8605089234577915
20110921,11.711188382256863
20110922,15.11332424821885
20110923,2.2756777748286576
20110924,15.798300665051284
20110925,8.546168402657363
20110926,11.613706778824568
20110927,1.0045115529648037
20110928,2.8387072254513477
20110929,5.704307662087574
20110930,0.3149868853019011
20111001,11.197947570416265
20111002,11.134701401080465
20111003,8.560079625913207
20111004,3.9761014898221054
20111005,8.779583525269402
20111006,24.352409964791295
20111007,42.83044981163275
20111008,25.146264835380176
20111009,13.211347542896867
20111010,15.846542083374809
20111011,44.84132179353227
20111012,0.1930665399231854
20111013,13.450137921454607
20111014,14.288377133646856
20111015,7.661600497907241
20111016,0.9116247551591137
20111017,7.268012439612035
20111018,4.910930609298781
20111019,0.0
20111020,9.122417832892614
20111021,2.41233163465835
20111022,9.213795816189117
20111023,4.381093867522602
20111024,3.5525371789298292
20111025,6.822160383147029
20111026,4.450648118592869
20111027,0.8314873417991665
20111028,0.0
20111029,0.0
20111030,10.080198542970185
20111031,18.946147699847746
20111101,20.206295283894484
20111102,21.731581377081053
20111103,15.387618462466476
20111104,7.447655281848878
20111105,7.100610638353307
20111106,4.373300410609834
20111107,6.796074711527538
20111108,32.53698710544682
20111109,9.917979123325782
20111110,13.52133059292349
20111111,3.4096770451074874
20111112,0.021207247119955627
20111113,40.99022834165839
20111114,5.427808272408842
20111115,0.0
20111116,4.839830585033272
20111117,20.970621433399067
20111118,1.16967369785494
20111119,0.9949932701711739
20111120,0.910997147777919
20111121,23.429720668651083
20111122,2.549484200724958
20111123,1.2965995295336397
20111124,7.674395060468362
20111125,6.020863286527978
20111126,0.6905592607352647
20111127,24.402008346863227
20111128,0.0
20111129,0.0
20111130,0.030942561839285686
20111201,12.57380219767476
20111202,8.949646370352767
20111203,5.578495861835416
20111204,10.535158494531306
20111205,17.07540108654505
20111206,2.0565145416043618
20111207,20.559998485776905
20111208,10.67594329498547
20111209,16.29202800541407
20111210,0.0
20111211,6.821754765385489E-4
20111212,0.0
20111213,1.4622389568858734
20111214,0.3527158456296054
20111215,8.465029275865534
20111216,73.61560750757025
20111217,12.209661359801856
20111218,12.380563667073963
20111219,0.0
20111220,0.0
20111221,0.0
20111222,0.0
20111223,0.0
20111224,2.224357604736786
20111225,19.81395438414232
20111226,35.92910289092082
20111227,25.51635844727623
20111228,9.223509446939241
20111229,0.0
20111230,0.0
20111231,11.00579679677884
20120101,8.145715660262779
20120102,0.0
20120103,0.0
20120104,2.127070506442232
20120105,2.00742918266977
20120106,0.0
20120107,14.779364619419042
20120108,7.759932498903857
20120109,2.799479733460098
20120110,0.0
20120111,0.0
20120112,1.254947472684156
20120113,19.718321032595156
20120114,16.359759575363167
20120115,2.017419543751658
20120116,2.8977520154574106
20120117,4.638436787872398
20120118,0.09776356372691429
20120119,0.0
20120120,0.0
20120121,0.0
20120122,0.042465610099608087
20120123,2.0180371482421924
20120124,0.9896560572753674
20120125,5.393257161059758
20120126,11.155597453930794
20120127,0.6860388126086868
20120128,0.0
20120129,4.904540681803353
20120130,0.0
20120131,0.0
20120201,0.0
20120202,0.18691255405459625
20120203,0.6498479676999797
20120204,16.89621039595018
20120205,18.100959173695983
20120206,0.5084517938198264
20120207,2.670849994807988
20120208,5.748342148043678
20120209,0.0
20120210,0.0
20120211,13.321794640361002
20120212,12.484194234406225
20120213,16.062502332327757
20120214,11.62678412870278
20120215,24.878639352059036
20120216,35.954276141632434
20120217,10.786124506561885
20120218,6.741093863167117
20120219,5.556012833916475
20120220,10.863345224228228
20120221,17.398204255180975
20120222,0.0
20120223,0.0
20120224,0.0
20120225,0.22384010429471315
20120226,6.378989521741461
20120227,5.69927058777235
20120228,6.893184648142335
20120229,0.0
20120301,1.0170467741464921
20120302,0.0
20120303,11.12224090101356
20120304,4.757288401559891
20120305,3.100120654138063
20120306,4.5358410496066455
20120307,3.847845814493627
20120308,0.07737886580629028
20120309,0.0
20120310,12.831515525094396
20120311,3.21470125421958
20120312,0.0
20120313,0.0
20120314,0.0
20120315,0.0
20120316,0.043877430902938185
20120317,8.080239535547122
20120318,2.6243440868385726
20120319,5.775172828696376
20120320,0.19663656338103427
20120321,17.174368872464697
20120322,13.505658519999379
20120323,11.793570322693997
20120324,25.310306464070173
20120325,15.639171504221158
20120326,18.452970517316633
20120327,11.339707710428586
20120328,11.555386344902868
20120329,19.861444105524697
20120330,11.554870914693645
20120331,1.0042296435580935
20120401,8.30180294983827
20120402,13.77641606669837
20120403,0.0
20120404,0.0
20120405,0.0
20120406,0.0
20120407,0.0
20120408,0.0
20120409,0.027740512832726202
20120410,8.805906076961097
20120411,5.652914597272051
20120412,2.079281195102478
20120413,0.0
20120414,6.956335284991661
20120415,12.018673249849328
20120416,2.897098096075351
20120417,12.861877990914923
20120418,0.0
20120419,0.0
20120420,2.7286827466143
20120421,14.241322066380237
20120422,2.758036898167423
20120423,19.631007432537768
20120424,0.005864486604780204
20120425,4.264548147760425
20120426,5.5200015862433105
20120427,7.200080262662655
20120428,16.20841977046443
20120429,0.0
20120430,0.014227068347388043
20120501,6.836647977664791
20120502,14.388142872017799
20120503,5.095566212915518
20120504,4.905078634054433
20120505,4.739641413129794
20120506,5.2941848549535635
20120507,4.529826084338902
20120508,13.465885197581896
20120509,15.23901333813446
20120510,15.685563906337455
20120511,23.301445326688675
20120512,20.187535502864993
20120513,22.09809661195323
20120514,12.515694075347566
20120515,10.089582304668676
20120516,1.5313596443996365
20120517,17.510141423962732
20120518,18.996686199260562
20120519,10.753693460588586
20120520,0.6590684485214497
20120521,19.1288967282877
20120522,16.600764805223037
20120523,8.730172929012651
20120524,20.86092414187448
20120525,3.9945459493943805
20120526,7.164886452976994
20120527,4.612895191322464
20120528,16.15432581093468
20120529,11.370509170617204
20120530,8.18803530271775
20120531,9.661956536511038
20120601,4.8900238790645085
20120602,7.1254296839709195
20120603,12.947065768242751
20120604,16.448233162819385
20120605,11.618878548619081
20120606,6.081367678272467
20120607,39.181002912113755
20120608,22.535805947133674
20120609,0.0
20120610,22.37310400873311
20120611,12.542650677508789
20120612,21.739914925510003
20120613,26.83982405191699
20120614,0.0
20120615,0.12221158220373743
20120616,0.0
20120617,0.0
20120618,0.0
20120619,2.05099778243062
20120620,25.361752858622
20120621,0.10227491415423849
20120622,10.469992591363361
20120623,0.3193388687592185
20120624,12.113972774846602
20120625,0.0
20120626,12.884627505192523
20120627,22.33973096048165
20120628,10.667414262775258
20120629,0.005542981483113123
20120630,7.673491492073082
20120701,0.3387173419903406
20120702,14.200519316433079
20120703,29.799933906505498
20120704,49.25744566257027
20120705,30.752566774780252
20120706,2.6333894604166193
20120707,11.208396043060015
20120708,35.328837365544274
20120709,21.557935452747927
20120710,26.286433404145438
20120711,28.12384994382704
20120712,12.97279265519703
20120713,33.60373350685201
20120714,18.065771963551924
20120715,7.83532600056804
20120716,13.89384962181515
20120717,11.261424706339103
20120718,12.177599999506471
20120719,28.56608123860345
20120720,12.722630361945289
20120721,12.230564754154948
20120722,7.164662742761076
20120723,21.422211625111018
20120724,5.592025059140107
20120725,20.22267069476267
20120726,22.429276010416473
20120727,24.54922770352797
20120728,10.022932858861305
20120729,7.6178144860295465
20120730,0.0805814715034004
20120731,0.0
20120801,0.0
20120802,2.2882736335577167
20120803,2.331432116767759
20120804,0.13240869764531413
20120805,8.89941864054555
20120806,10.82645133101157
20120807,12.382393329762518
20120808,17.859075528637625
20120809,2.07905907963888
20120810,20.949751220107505
20120811,14.093847344865944
20120812,2.653700565441522
20120813,0.0
20120814,12.54950627323508
20120815,7.203128756944693
20120816,16.46997243441923
20120817,1.5566027787830157
20120818,0.0
20120819,15.366209631136433
20120820,18.79669293116183
20120821,15.81887225388369
20120822,30.168605865143252
20120823,12.348758277812127
20120824,29.149444574382578
20120825,9.836632816835502
20120826,15.264776780119679
20120827,12.133444525231042
20120828,1.1912313785602853
20120829,12.823592551276322
20120830,3.67210077802418
20120831,15.364281796222722
20120901,38.1652677059471
20120902,6.424223277593888
20120903,29.295563691534092
20120904,13.274301363286746
20120905,15.343827581964055
20120906,8.950011253956587
20120907,20.233706876624733
20120908,10.769613408963975
20120909,31.768554718461306
20120910,15.478966470611175
20120911,30.964540501187145
20120912,6.5805092751718
20120913,12.973278383045992
20120914,8.084345984640132
20120915,0.5639821350496242
20120916,7.865344777292232
20120917,14.49914519437342
20120918,18.78872315168483
20120919,17.8755329070794
20120920,0.17660959010029506
20120921,0.0
20120922,16.179195118788197
20120923,45.4490396947501
20120924,23.70877562790684
20120925,17.472487292044566
20120926,0.0
20120927,8.324635508926455
20120928,0.23676406000427008
20120929,0.0
20120930,1.0089961125051783
20121001,0.6326883918296853
20121002,12.723197428655403
20121003,0.00815032025416794
20121004,9.73120349155764
20121005,0.0
20121006,0.0
20121007,5.004594123987651
20121008,1.4960617582913291
20121009,13.147339762670432
20121010,16.84866005225953
20121011,9.152206691094941
20121012,7.931262342051466
20121013,4.4926512153842415
20121014,10.596905029898402
20121015,10.898910354062405
20121016,3.866892044924986
20121017,5.457224586907302
20121018,3.569615545440531
20121019,0.2550276367218698
20121020,10.328532099025905
20121021,0.39415977747926084
20121022,19.92337894264352
20121023,9.48595091571335
20121024,19.971796970635747
20121025,0.9229136995846926
20121026,9.297725727400994
20121027,1.6017339676854494
20121028,9.643136317932477
20121029,2.8283110536510834
20121030,0.0
20121031,12.38164975830584
20121101,0.007794124641337755
20121102,6.793870188341563
20121103,11.63141906434693
20121104,4.184709043025672
20121105,0.282664091279745
20121106,0.5613529696002726
20121107,7.834386302490913
20121108,13.608941313489339
20121109,0.17476264910642672
20121110,0.0
20121111,36.940022326247245
20121112,0.88911613398149
20121113,0.8268544422418541
20121114,7.4388429412384065
20121115,11.724025040560074
20121116,8.449502535087092
20121117,0.0
20121118,0.0
20121119,6.476198258150314
20121120,31.329775652758013
20121121,9.208854417824455
20121122,10.89725213132331
20121123,0.0
20121124,0.0
20121125,1.7182095494416676
20121126,0.08040564778845767
20121127,0.0
20121128,0.0
20121129,0.0
20121130,0.0
20121201,0.0
20121202,0.0
20121203,43.75273013521555
20121204,73.601170250447
20121205,1.2036412084210366
20121206,17.01441433799286
20121207,0.6445498104264626
20121208,8.40520347955065
20121209,12.14712504276116
20121210,2.9889947952655014
20121211,0.08704877399745026
20121212,3.029480880379838
20121213,0.0
20121214,0.01356253592366811
20121215,5.900057223890151
20121216,0.0
20121217,1.548604741630561
20121218,3.3702461097854544
20121219,0.0
20121220,15.03021619888752
20121221,11.000007359192349
20121222,3.293250824012737
20121223,1.4179197268315036
20121224,1.470052387099629
20121225,4.842670316090985
20121226,11.755615676971853
20121227,2.1807598188478554
20121228,0.0
20121229,0.0
20121230,0.0
