system:index,ET
2003_01_01,314.7123718215552
2003_01_09,352.96184884515054
2003_01_17,235.56023903087296
2003_01_25,287.7142592156784
2003_02_02,315.8326414429265
2003_02_10,359.913196444819
2003_02_18,358.52194304902486
2003_02_26,330.43724145262416
2003_03_06,390.0612471342066
2003_03_14,300.5467155642713
2003_03_22,307.2945589187099
2003_03_30,379.6765967801582
2003_04_07,344.50568059555474
2003_04_15,375.2633434267902
2003_04_23,306.0555489868748
2003_05_01,231.23719719689674
2003_05_09,327.30107362789266
2003_05_17,229.31831429704505
2003_05_25,386.96031703701345
2003_06_02,339.5969538472827
2003_06_10,256.76138601163956
2003_06_18,297.2033588689611
2003_06_26,315.66315053975376
2003_07_04,284.7586582287592
2003_07_12,240.20747507135258
2003_07_20,269.96241796499766
2003_07_28,307.61211607220486
2003_08_05,278.000062118873
2003_08_13,275.1589827705366
2003_08_21,262.0175479063554
2003_08_29,289.9684687953054
2003_09_06,267.5986080589243
2003_09_14,191.84599137852675
2003_09_22,277.66061989004817
2003_09_30,273.75293114898477
2003_10_08,303.9711234314136
2003_10_16,220.00915879713344
2003_10_24,244.23248118295618
2003_11_01,295.49558864379406
2003_11_09,303.08727339640865
2003_11_17,387.1646775026886
2003_11_25,334.21006574844364
2003_12_03,334.7660970244272
2003_12_11,180.27937375967787
2003_12_19,172.14054879550716
2003_12_27,120.48241486496612
2004_01_01,337.18665047505306
2004_01_09,363.96909487257767
2004_01_17,354.93103614508095
2004_01_25,270.58839371438023
2004_02_02,267.9607509793716
2004_02_10,267.67051112564974
2004_02_18,300.2249060939267
2004_02_26,359.01294082904093
2004_03_05,350.39593172916864
2004_03_13,304.02941337183285
2004_03_21,321.0581410412371
2004_03_29,418.88979570368645
2004_04_06,377.539617842652
2004_04_14,361.40275184636283
2004_04_22,340.2765177689101
2004_04_30,312.73204219261027
2004_05_08,293.40722780355895
2004_05_16,303.772102586518
2004_05_24,358.24882459153105
2004_06_01,279.38257465691083
2004_06_09,229.61139918908725
2004_06_17,263.78621790891754
2004_06_25,281.93595255360157
2004_07_03,359.7520863689148
2004_07_11,288.67920895100826
2004_07_19,249.20383586286033
2004_07_27,229.9770852708986
2004_08_04,270.1745810046776
2004_08_12,263.3125318463431
2004_08_20,325.0956442251476
2004_08_28,270.06955375027934
2004_09_05,280.66860207320553
2004_09_13,297.96314967231194
2004_09_21,329.0335619713411
2004_09_29,250.9914082369787
2004_10_07,316.5675773597857
2004_10_15,357.3156023591078
2004_10_23,373.1792028679021
2004_10_31,363.9199976765217
2004_11_08,366.9649155427968
2004_11_16,379.03780751250906
2004_11_24,297.2235992835851
2004_12_02,274.19377226797474
2004_12_10,308.6138331620974
2004_12_18,273.62566629863
2004_12_26,165.16075994305402
2005_01_01,282.1392996212013
2005_01_09,326.2108837311013
2005_01_17,286.7185948493993
2005_01_25,313.7021880150872
2005_02_02,362.8059572677876
2005_02_10,415.91271334683375
2005_02_18,383.79140090521753
2005_02_26,363.50772945001665
2005_03_06,355.8654860311899
2005_03_14,343.70392401497065
2005_03_22,337.0604801338378
2005_03_30,381.04429406073854
2005_04_07,359.81198663408753
2005_04_15,330.12897611048965
2005_04_23,349.2999105105756
2005_05_01,282.7516918838531
2005_05_09,193.55179063088696
2005_05_17,268.3224658658426
2005_05_25,311.3317724173532
2005_06_02,309.2122822989535
2005_06_10,324.5402644601655
2005_06_18,266.03624275186405
2005_06_26,253.73664277750325
2005_07_04,316.88721043071683
2005_07_12,306.5400977346919
2005_07_20,240.77177492330986
2005_07_28,238.33098900268328
2005_08_05,172.6820396730998
2005_08_13,298.10287495027467
2005_08_21,274.9104298800518
2005_08_29,234.85008418680295
2005_09_06,253.9286547728233
2005_09_14,303.8079252758789
2005_09_22,337.8285225341065
2005_09_30,275.3081568277544
2005_10_08,349.5418789658768
2005_10_16,330.9278939049606
2005_10_24,259.36516272268614
2005_11_01,318.596078383698
2005_11_09,268.9432607084378
2005_11_17,304.0951509150509
2005_11_25,318.64496156470017
2005_12_03,281.98452023548316
2005_12_11,270.69185963747134
2005_12_19,221.18706464163952
2005_12_27,138.60275137669535
2006_01_01,240.23065057136455
2006_01_09,266.060422874188
2006_01_17,265.862020947093
2006_01_25,332.11640257915184
2006_02_02,315.73129845888434
2006_02_10,290.0376436255121
2006_02_18,385.43143377611705
2006_02_26,387.1025734573709
2006_03_06,314.43033409931644
2006_03_14,378.39606188704124
2006_03_22,376.29716688981324
2006_03_30,357.92519402663555
2006_04_07,425.0441148313511
2006_04_15,384.70770389929714
2006_04_23,344.0427274841004
2006_05_01,389.63057798648305
2006_05_09,218.65974127367951
2006_05_17,322.36172042099906
2006_05_25,306.0580452534686
2006_06_02,341.2063414527788
2006_06_10,293.0777707491378
2006_06_18,309.3508919807816
2006_06_26,271.21645059703854
2006_07_04,289.4924174684456
2006_07_12,223.2076951957091
2006_07_20,215.21730613062778
2006_07_28,183.69637379204326
2006_08_05,178.90397350993376
2006_08_13,305.29317719281437
2006_08_21,281.89827766197794
2006_08_29,316.84510095997695
2006_09_06,326.85402507824
2006_09_14,261.906306336336
2006_09_22,211.94843549363367
2006_09_30,214.69776246234161
2006_10_08,225.9350306710446
2006_10_16,295.26795963960143
2006_10_24,313.7059735660814
2006_11_01,331.2489211819959
2006_11_09,337.12773717563357
2006_11_17,385.5404165212181
2006_11_25,345.096939576509
2006_12_03,309.2429029876832
2006_12_11,320.8311879079127
2006_12_19,375.1035052682959
2006_12_27,185.78148170673265
2007_01_01,158.3979418219551
2007_01_09,257.5439008150887
2007_01_17,385.1846260016926
2007_01_25,321.15752825839536
2007_02_02,346.8034890922041
2007_02_10,335.72680231576726
2007_02_18,364.080994943704
2007_02_26,402.98180468453097
2007_03_06,385.55524901320985
2007_03_14,313.764360178781
2007_03_22,376.1080784132501
2007_03_30,379.3137276589793
2007_04_07,344.08711618209344
2007_04_15,309.60692069971435
2007_04_23,326.86695268158985
2007_05_01,310.72914146741607
2007_05_09,349.3213717519298
2007_05_17,264.36192538174924
2007_05_25,287.88461871359965
2007_06_02,343.34553920389595
2007_06_10,324.5468242405944
2007_06_18,296.9276464826887
2007_06_26,304.6786982959853
2007_07_04,286.2823063464768
2007_07_12,349.8323530261054
2007_07_20,358.015898764391
2007_07_28,
2007_08_05,301.48243609445746
2007_08_13,286.2343989447609
2007_08_21,291.9193435487603
2007_08_29,378.7839619245041
2007_09_06,242.26463975179257
2007_09_14,244.36118792809663
2007_09_22,243.21099710205843
2007_09_30,254.53755432784453
2007_10_08,304.33616067329456
2007_10_16,269.9039783231646
2007_10_24,217.0791539604326
2007_11_01,228.12615226349462
2007_11_09,233.22470852314893
2007_11_17,187.46675465996162
2007_11_25,328.567754684879
2007_12_03,295.5258307662059
2007_12_11,303.75917791443544
2007_12_19,271.6976764443043
2007_12_27,169.0685220154663
2008_01_01,287.8263386396529
2008_01_09,232.5451557515581
2008_01_17,303.3526440297839
2008_01_25,398.33396634416886
2008_02_02,385.75751736213033
2008_02_10,233.5610253379763
2008_02_18,257.7962830779838
2008_02_26,293.1404000648834
2008_03_05,328.7922476799215
2008_03_13,329.9102854251046
2008_03_21,355.3350168228374
2008_03_29,
2008_04_06,392.60471289595824
2008_04_14,373.8011571782395
2008_04_22,275.90702738391536
2008_04_30,292.35026500929325
2008_05_08,239.743594914706
2008_05_16,309.61669407665556
2008_05_24,342.60709331189656
2008_06_01,331.08806223020866
2008_06_09,320.5384713195511
2008_06_17,287.2724259861921
2008_06_25,327.9344087889724
2008_07_03,344.42058097109185
2008_07_11,325.82444785972405
2008_07_19,299.66382353952855
2008_07_27,308.3370547128928
2008_08_04,323.66075914320515
2008_08_12,294.5633437449047
2008_08_20,329.56743255946594
2008_08_28,338.15440202020807
2008_09_05,271.18007294354237
2008_09_13,271.1127072831161
2008_09_21,327.24927023752645
2008_09_29,295.020948624418
2008_10_07,341.934442072441
2008_10_15,321.85513992922006
2008_10_23,206.0925738630191
2008_10_31,280.84048822841993
2008_11_08,277.4933999239358
2008_11_16,305.40520492525155
2008_11_24,323.7057078685216
2008_12_02,269.25810516338214
2008_12_10,247.2519445073943
2008_12_18,206.6444112481143
2008_12_26,
2009_01_01,312.7556840168164
2009_01_09,139.75846686462592
2009_01_17,299.6304376382881
2009_01_25,363.24246734262755
2009_02_02,259.80073715945605
2009_02_10,248.92174741255423
2009_02_18,377.33539882941506
2009_02_26,311.1303034769425
2009_03_06,361.11006263462
2009_03_14,385.8240798310097
2009_03_22,342.033786680124
2009_03_30,355.57345327649375
2009_04_07,357.06290835394975
2009_04_15,299.31564024746507
2009_04_23,271.14701383736866
2009_05_01,304.7974873231068
2009_05_09,317.35162519933345
2009_05_17,299.8704765204724
2009_05_25,321.48972365309317
2009_06_02,324.78483090152935
2009_06_10,318.8493694907012
2009_06_18,273.056618502606
2009_06_26,314.45495612194077
2009_07_04,290.37935206982985
2009_07_12,280.2478782064332
2009_07_20,256.2058730235022
2009_07_28,299.6205239102332
2009_08_05,338.03953462744346
2009_08_13,327.15274719528765
2009_08_21,310.8117773436453
2009_08_29,223.38069416022148
2009_09_06,289.0250958155555
2009_09_14,311.9249073189612
2009_09_22,239.77652629770375
2009_09_30,215.27151668531522
2009_10_08,274.103413820847
2009_10_16,283.4644944982552
2009_10_24,345.7153675636305
2009_11_01,359.90845347892184
2009_11_09,309.0423344250735
2009_11_17,209.89659161907835
2009_11_25,340.2583736043068
2009_12_03,374.19950539268217
2009_12_11,277.93695803084125
2009_12_19,262.6887463995324
2009_12_27,156.84057389200925
2010_01_01,308.7918947429386
2010_01_09,203.83193277310923
2010_01_17,294.74131367793416
2010_01_25,393.7453452266842
2010_02_02,398.4300870259359
2010_02_10,416.0555535106569
2010_02_18,341.752332152439
2010_02_26,384.792865818583
2010_03_06,375.4459590161194
2010_03_14,337.5361606666743
2010_03_22,284.9810065739738
2010_03_30,298.3588072911027
2010_04_07,306.3675211664197
2010_04_15,361.65104692285524
2010_04_23,326.8220132941883
2010_05_01,346.91495134182173
2010_05_09,397.51537277628813
2010_05_17,326.90902565635463
2010_05_25,364.84906497018864
2010_06_02,337.61898774071824
2010_06_10,314.55170049994155
2010_06_18,312.0309582239555
2010_06_26,348.40170436425194
2010_07_04,339.99665177354694
2010_07_12,303.9359087049944
2010_07_20,247.08118741242703
2010_07_28,245.72046585874998
2010_08_05,307.95421080671747
2010_08_13,334.3936906402891
2010_08_21,306.53628428241257
2010_08_29,299.1149694107216
2010_09_06,320.29088523630753
2010_09_14,334.9708301101577
2010_09_22,387.5045733370319
2010_09_30,321.2860497192843
2010_10_08,303.06434319359676
2010_10_16,338.4198441525305
2010_10_24,293.1304346483466
2010_11_01,293.2757412601005
2010_11_09,317.03488452534367
2010_11_17,301.51020503541497
2010_11_25,335.0813254634568
2010_12_03,293.3139211270459
2010_12_11,330.46568287943046
2010_12_19,282.5948141916706
2010_12_27,147.00952582351832
2011_01_01,155.18189627685507
2011_01_09,268.2239052440047
2011_01_17,198.58024483232805
2011_01_25,155.33066361556064
2011_02_02,290.6203573163155
2011_02_10,321.14827819902064
2011_02_18,307.95774973665385
2011_02_26,286.2405592868118
2011_03_06,253.68990202959344
2011_03_14,202.16805702122213
2011_03_22,264.14054588755914
2011_03_30,318.5938474616796
2011_04_07,368.5319108015344
2011_04_15,248.12219994912252
2011_04_23,332.2853488246234
2011_05_01,240.76444187379252
2011_05_09,279.58559218877605
2011_05_17,270.6273373561507
2011_05_25,281.24654174385023
2011_06_02,324.5681820619372
2011_06_10,310.5593243927862
2011_06_18,308.0880647982298
2011_06_26,295.2029404690862
2011_07_04,313.74569402254974
2011_07_12,320.1687759417629
2011_07_20,185.1059351461082
2011_07_28,277.4900829464631
2011_08_05,288.6753252012963
2011_08_13,245.75372982620254
2011_08_21,336.10949749146704
2011_08_29,314.41758012033694
2011_09_06,324.03247678786033
2011_09_14,327.24535580286715
2011_09_22,238.18632223906152
2011_09_30,221.39517229251967
2011_10_08,289.43246716132444
2011_10_16,375.6684607868372
2011_10_24,359.36535493666923
2011_11_01,236.9158185449223
2011_11_09,280.2618953641139
2011_11_17,299.01152403175877
2011_11_25,325.81701505550194
2011_12_03,282.0949029937345
2011_12_11,304.2238057457021
2011_12_19,296.18882828505645
2011_12_27,170.75948799485883
2012_01_01,285.461531393964
2012_01_09,271.6521354848812
2012_01_17,361.8162412588889
2012_01_25,380.1753919793783
2012_02_02,351.61196366015724
2012_02_10,193.8835485919966
2012_02_18,344.9489767459883
2012_02_26,319.9252264845488
2012_03_05,323.97459987414084
2012_03_13,252.86707945011662
2012_03_21,321.5125111555376
2012_03_29,400.293779443693
2012_04_06,378.0592003603735
2012_04_14,341.6611903484909
2012_04_22,326.9360861234327
2012_04_30,323.5836823351605
2012_05_08,282.37144576082056
2012_05_16,284.4800523891492
2012_05_24,319.05980571009263
2012_06_01,320.09677832858773
2012_06_09,319.12138595817845
2012_06_17,359.08123743739895
2012_06_25,283.84918596285246
2012_07_03,291.7873744787319
2012_07_11,314.58888926763353
2012_07_19,302.0999899459766
2012_07_27,324.33665901081736
2012_08_04,328.9110364710049
2012_08_12,299.13317355944815
2012_08_20,308.6765560335247
2012_08_28,314.38079134417274
2012_09_05,309.6362097516098
2012_09_13,319.25635198588765
2012_09_21,221.79536526744863
2012_09_29,224.82774897494758
2012_10_07,265.51344990652154
2012_10_15,279.4193499862173
2012_10_23,291.5985050245874
2012_10_31,288.97864522135876
2012_11_08,275.7716176491282
2012_11_16,326.6229786164423
2012_11_24,365.74292043092504
2012_12_02,295.6383865984422
2012_12_10,349.86402704936995
2012_12_18,300.271393631779
2012_12_26,224.23050010292388
